data/incoming/coinrun_teams_v1/original/Team1/session_20260523_231204_easy/episode_00001.npz: OK
data/incoming/coinrun_teams_v1/original/Team1/session_20260523_231204_easy/episode_00002.npz: OK
data/incoming/coinrun_teams_v1/original/Team1/session_20260523_231204_easy/episode_00003.npz: OK
data/incoming/coinrun_teams_v1/original/Team1/session_20260523_231204_easy/episode_00004.npz: OK
data/incoming/coinrun_teams_v1/original/Team1/session_20260523_231204_easy/episode_00005.npz: OK
data/incoming/coinrun_teams_v1/original/Team1/session_20260523_231204_easy/episode_00006.npz: OK
data/incoming/coinrun_teams_v1/original/Team1/session_20260523_231204_easy/episode_00007.npz: OK
data/incoming/coinrun_teams_v1/original/Team1/session_20260523_231204_easy/episode_00008.npz: OK
data/incoming/coinrun_teams_v1/original/Team1/session_20260523_231204_easy/episode_00009.npz: OK
data/incoming/coinrun_teams_v1/original/Team1/session_20260523_231204_easy/episode_00010.npz: OK
data/incoming/coinrun_teams_v1/original/Team1/session_20260523_231204_easy/episode_00011.npz: OK
data/incoming/coinrun_teams_v1/original/Team1/session_20260523_231204_easy/episode_00012.npz: OK
data/incoming/coinrun_teams_v1/original/Team1/session_20260523_231204_easy/episode_00013.npz: OK
data/incoming/coinrun_teams_v1/original/Team1/session_20260523_231204_easy/episode_00014.npz: OK
data/incoming/coinrun_teams_v1/original/Team1/session_20260523_231204_easy/episode_00015.npz: OK
data/incoming/coinrun_teams_v1/original/Team1/session_20260523_231204_easy/episode_00016.npz: OK
data/incoming/coinrun_teams_v1/original/Team1/session_20260523_231204_easy/episode_00017.npz: OK
data/incoming/coinrun_teams_v1/original/Team1/session_20260523_231204_easy/episode_00018.npz: OK
data/incoming/coinrun_teams_v1/original/Team1/session_20260523_231204_easy/episode_00019.npz: OK
data/incoming/coinrun_teams_v1/original/Team1/session_20260523_231204_easy/episode_00020.npz: OK
data/incoming/coinrun_teams_v1/original/Team1/session_20260523_231204_easy/episode_00021.npz: OK
data/incoming/coinrun_teams_v1/original/Team1/session_20260523_231204_easy/episode_00022.npz: OK
data/incoming/coinrun_teams_v1/original/Team1/session_20260523_231204_easy/episode_00023.npz: OK
data/incoming/coinrun_teams_v1/original/Team1/session_20260523_231204_easy/episode_00024.npz: OK
data/incoming/coinrun_teams_v1/original/Team1/session_20260523_231204_easy/episode_00025.npz: OK
data/incoming/coinrun_teams_v1/original/Team1/session_20260523_231204_easy/episode_00026.npz: OK
data/incoming/coinrun_teams_v1/original/Team1/session_20260523_231204_easy/episode_00027.npz: OK
data/incoming/coinrun_teams_v1/original/Team1/session_20260523_231204_easy/episode_00028.npz: OK
data/incoming/coinrun_teams_v1/original/Team1/session_20260523_231204_easy/episode_00029.npz: OK
data/incoming/coinrun_teams_v1/original/Team1/session_20260523_231204_easy/episode_00030.npz: OK
data/incoming/coinrun_teams_v1/original/Team1/session_20260523_231204_easy/episode_00031.npz: OK
data/incoming/coinrun_teams_v1/original/Team1/session_20260523_231204_easy/episode_00032.npz: OK
data/incoming/coinrun_teams_v1/original/Team1/session_20260523_231204_easy/episode_00033.npz: OK
data/incoming/coinrun_teams_v1/original/Team1/session_20260523_231204_easy/episode_00034.npz: OK
data/incoming/coinrun_teams_v1/original/Team1/session_20260523_231204_easy/episode_00035.npz: OK
data/incoming/coinrun_teams_v1/original/Team1/session_20260523_231204_easy/episode_00036.npz: OK
data/incoming/coinrun_teams_v1/original/Team1/session_20260523_231204_easy/episode_00037.npz: OK
data/incoming/coinrun_teams_v1/original/Team1/session_20260523_231204_easy/episode_00038.npz: OK
data/incoming/coinrun_teams_v1/original/Team1/session_20260523_231204_easy/episode_00039.npz: OK
data/incoming/coinrun_teams_v1/original/Team1/session_20260523_231204_easy/episode_00040.npz: OK
data/incoming/coinrun_teams_v1/original/Team1/session_20260523_231204_easy/episode_00041.npz: OK
data/incoming/coinrun_teams_v1/original/Team1/session_20260523_231204_easy/episode_00042.npz: OK
data/incoming/coinrun_teams_v1/original/Team1/session_20260523_231204_easy/episode_00043.npz: OK
data/incoming/coinrun_teams_v1/original/Team1/session_20260523_231204_easy/episode_00044.npz: OK
data/incoming/coinrun_teams_v1/original/Team1/session_20260523_231204_easy/episode_00045.npz: OK
data/incoming/coinrun_teams_v1/original/Team1/session_20260523_231204_easy/episode_00046.npz: OK
data/incoming/coinrun_teams_v1/original/Team1/session_20260523_231204_easy/episode_00047.npz: OK
data/incoming/coinrun_teams_v1/original/Team1/session_20260523_231204_easy/episode_00048.npz: OK
data/incoming/coinrun_teams_v1/original/Team1/session_20260523_231204_easy/episode_00049.npz: OK
data/incoming/coinrun_teams_v1/original/Team1/session_20260523_231204_easy/episode_00050.npz: OK
data/incoming/coinrun_teams_v1/original/Team1/session_20260523_231204_easy/episode_00051.npz: OK
data/incoming/coinrun_teams_v1/original/Team1/session_20260523_231204_easy/episode_00052.npz: OK
data/incoming/coinrun_teams_v1/original/Team1/session_20260523_231204_easy/episode_00053.npz: OK
data/incoming/coinrun_teams_v1/original/Team1/session_20260523_231204_easy/episode_00054.npz: OK
data/incoming/coinrun_teams_v1/original/Team1/session_20260523_231204_easy/episode_00055.npz: OK
data/incoming/coinrun_teams_v1/original/Team1/session_20260523_231204_easy/episode_00056.npz: OK
data/incoming/coinrun_teams_v1/original/Team1/session_20260523_231204_easy/episode_00057.npz: OK
data/incoming/coinrun_teams_v1/original/Team1/session_20260523_231204_easy/episode_00058.npz: OK
data/incoming/coinrun_teams_v1/original/Team1/session_20260523_231204_easy/episode_00059.npz: OK
data/incoming/coinrun_teams_v1/original/Team1/session_20260523_231204_easy/episode_00060.npz: OK
data/incoming/coinrun_teams_v1/original/Team1/session_20260523_231204_easy/episode_00061.npz: OK
data/incoming/coinrun_teams_v1/original/Team1/session_20260523_231204_easy/episode_00062.npz: OK
data/incoming/coinrun_teams_v1/original/Team1/session_20260523_231204_easy/episode_00063.npz: OK
data/incoming/coinrun_teams_v1/original/Team1/session_20260523_231204_easy/episode_00064.npz: OK
data/incoming/coinrun_teams_v1/original/Team1/session_20260523_231204_easy/episode_00065.npz: OK
data/incoming/coinrun_teams_v1/original/Team1/session_20260523_231204_easy/episode_00066.npz: OK
data/incoming/coinrun_teams_v1/original/Team1/session_20260523_231204_easy/episode_00067.npz: OK
data/incoming/coinrun_teams_v1/original/Team1/session_20260523_231204_easy/episode_00068.npz: OK
data/incoming/coinrun_teams_v1/original/Team1/session_20260523_231204_easy/episode_00069.npz: OK
data/incoming/coinrun_teams_v1/original/Team1/session_20260523_231204_easy/episode_00070.npz: OK
data/incoming/coinrun_teams_v1/original/Team1/session_20260523_231204_easy/episode_00071.npz: OK
data/incoming/coinrun_teams_v1/original/Team1/session_20260523_231204_easy/episode_00072.npz: OK
data/incoming/coinrun_teams_v1/original/Team1/session_20260523_231204_easy/episode_00073.npz: OK
data/incoming/coinrun_teams_v1/original/Team1/session_20260523_231204_easy/session.json: OK
data/incoming/coinrun_teams_v1/original/Team1/session_20260523_233823_hard/episode_00001.npz: OK
data/incoming/coinrun_teams_v1/original/Team1/session_20260523_233823_hard/episode_00002.npz: OK
data/incoming/coinrun_teams_v1/original/Team1/session_20260523_233823_hard/episode_00003.npz: OK
data/incoming/coinrun_teams_v1/original/Team1/session_20260523_233823_hard/episode_00004.npz: OK
data/incoming/coinrun_teams_v1/original/Team1/session_20260523_233823_hard/episode_00005.npz: OK
data/incoming/coinrun_teams_v1/original/Team1/session_20260523_233823_hard/episode_00006.npz: OK
data/incoming/coinrun_teams_v1/original/Team1/session_20260523_233823_hard/episode_00007.npz: OK
data/incoming/coinrun_teams_v1/original/Team1/session_20260523_233823_hard/episode_00008.npz: OK
data/incoming/coinrun_teams_v1/original/Team1/session_20260523_233823_hard/episode_00009.npz: OK
data/incoming/coinrun_teams_v1/original/Team1/session_20260523_233823_hard/episode_00010.npz: OK
data/incoming/coinrun_teams_v1/original/Team1/session_20260523_233823_hard/episode_00011.npz: OK
data/incoming/coinrun_teams_v1/original/Team1/session_20260523_233823_hard/episode_00012.npz: OK
data/incoming/coinrun_teams_v1/original/Team1/session_20260523_233823_hard/episode_00013.npz: OK
data/incoming/coinrun_teams_v1/original/Team1/session_20260523_233823_hard/episode_00014.npz: OK
data/incoming/coinrun_teams_v1/original/Team1/session_20260523_233823_hard/episode_00015.npz: OK
data/incoming/coinrun_teams_v1/original/Team1/session_20260523_233823_hard/episode_00016.npz: OK
data/incoming/coinrun_teams_v1/original/Team1/session_20260523_233823_hard/episode_00017.npz: OK
data/incoming/coinrun_teams_v1/original/Team1/session_20260523_233823_hard/episode_00018.npz: OK
data/incoming/coinrun_teams_v1/original/Team1/session_20260523_233823_hard/episode_00019.npz: OK
data/incoming/coinrun_teams_v1/original/Team1/session_20260523_233823_hard/episode_00020.npz: OK
data/incoming/coinrun_teams_v1/original/Team1/session_20260523_233823_hard/episode_00021.npz: OK
data/incoming/coinrun_teams_v1/original/Team1/session_20260523_233823_hard/episode_00022.npz: OK
data/incoming/coinrun_teams_v1/original/Team1/session_20260523_233823_hard/episode_00023.npz: OK
data/incoming/coinrun_teams_v1/original/Team1/session_20260523_233823_hard/episode_00024.npz: OK
data/incoming/coinrun_teams_v1/original/Team1/session_20260523_233823_hard/episode_00025.npz: OK
data/incoming/coinrun_teams_v1/original/Team1/session_20260523_233823_hard/episode_00026.npz: OK
data/incoming/coinrun_teams_v1/original/Team1/session_20260523_233823_hard/episode_00027.npz: OK
data/incoming/coinrun_teams_v1/original/Team1/session_20260523_233823_hard/episode_00028.npz: OK
data/incoming/coinrun_teams_v1/original/Team1/session_20260523_233823_hard/episode_00029.npz: OK
data/incoming/coinrun_teams_v1/original/Team1/session_20260523_233823_hard/episode_00030.npz: OK
data/incoming/coinrun_teams_v1/original/Team1/session_20260523_233823_hard/episode_00031.npz: OK
data/incoming/coinrun_teams_v1/original/Team1/session_20260523_233823_hard/episode_00032.npz: OK
data/incoming/coinrun_teams_v1/original/Team1/session_20260523_233823_hard/episode_00033.npz: OK
data/incoming/coinrun_teams_v1/original/Team1/session_20260523_233823_hard/episode_00034.npz: OK
data/incoming/coinrun_teams_v1/original/Team1/session_20260523_233823_hard/episode_00035.npz: OK
data/incoming/coinrun_teams_v1/original/Team1/session_20260523_233823_hard/episode_00036.npz: OK
data/incoming/coinrun_teams_v1/original/Team1/session_20260523_233823_hard/episode_00037.npz: OK
data/incoming/coinrun_teams_v1/original/Team1/session_20260523_233823_hard/episode_00038.npz: OK
data/incoming/coinrun_teams_v1/original/Team1/session_20260523_233823_hard/episode_00039.npz: OK
data/incoming/coinrun_teams_v1/original/Team1/session_20260523_233823_hard/episode_00040.npz: OK
data/incoming/coinrun_teams_v1/original/Team1/session_20260523_233823_hard/episode_00041.npz: OK
data/incoming/coinrun_teams_v1/original/Team1/session_20260523_233823_hard/episode_00042.npz: OK
data/incoming/coinrun_teams_v1/original/Team1/session_20260523_233823_hard/episode_00043.npz: OK
data/incoming/coinrun_teams_v1/original/Team1/session_20260523_233823_hard/episode_00044.npz: OK
data/incoming/coinrun_teams_v1/original/Team1/session_20260523_233823_hard/episode_00045.npz: OK
data/incoming/coinrun_teams_v1/original/Team1/session_20260523_233823_hard/episode_00046.npz: OK
data/incoming/coinrun_teams_v1/original/Team1/session_20260523_233823_hard/episode_00047.npz: OK
data/incoming/coinrun_teams_v1/original/Team1/session_20260523_233823_hard/episode_00048.npz: OK
data/incoming/coinrun_teams_v1/original/Team1/session_20260523_233823_hard/episode_00049.npz: OK
data/incoming/coinrun_teams_v1/original/Team1/session_20260523_233823_hard/episode_00050.npz: OK
data/incoming/coinrun_teams_v1/original/Team1/session_20260523_233823_hard/episode_00051.npz: OK
data/incoming/coinrun_teams_v1/original/Team1/session_20260523_233823_hard/episode_00052.npz: OK
data/incoming/coinrun_teams_v1/original/Team1/session_20260523_233823_hard/episode_00053.npz: OK
data/incoming/coinrun_teams_v1/original/Team1/session_20260523_233823_hard/episode_00054.npz: OK
data/incoming/coinrun_teams_v1/original/Team1/session_20260523_233823_hard/episode_00055.npz: OK
data/incoming/coinrun_teams_v1/original/Team1/session_20260523_233823_hard/episode_00056.npz: OK
data/incoming/coinrun_teams_v1/original/Team1/session_20260523_233823_hard/episode_00057.npz: OK
data/incoming/coinrun_teams_v1/original/Team1/session_20260523_233823_hard/episode_00058.npz: OK
data/incoming/coinrun_teams_v1/original/Team1/session_20260523_233823_hard/episode_00059.npz: OK
data/incoming/coinrun_teams_v1/original/Team1/session_20260523_233823_hard/episode_00060.npz: OK
data/incoming/coinrun_teams_v1/original/Team1/session_20260523_233823_hard/episode_00061.npz: OK
data/incoming/coinrun_teams_v1/original/Team1/session_20260523_233823_hard/episode_00062.npz: OK
data/incoming/coinrun_teams_v1/original/Team1/session_20260523_233823_hard/episode_00063.npz: OK
data/incoming/coinrun_teams_v1/original/Team1/session_20260523_233823_hard/episode_00064.npz: OK
data/incoming/coinrun_teams_v1/original/Team1/session_20260523_233823_hard/episode_00065.npz: OK
data/incoming/coinrun_teams_v1/original/Team1/session_20260523_233823_hard/episode_00066.npz: OK
data/incoming/coinrun_teams_v1/original/Team1/session_20260523_233823_hard/episode_00067.npz: OK
data/incoming/coinrun_teams_v1/original/Team1/session_20260523_233823_hard/episode_00068.npz: OK
data/incoming/coinrun_teams_v1/original/Team1/session_20260523_233823_hard/episode_00069.npz: OK
data/incoming/coinrun_teams_v1/original/Team1/session_20260523_233823_hard/episode_00070.npz: OK
data/incoming/coinrun_teams_v1/original/Team1/session_20260523_233823_hard/episode_00071.npz: OK
data/incoming/coinrun_teams_v1/original/Team1/session_20260523_233823_hard/episode_00072.npz: OK
data/incoming/coinrun_teams_v1/original/Team1/session_20260523_233823_hard/episode_00073.npz: OK
data/incoming/coinrun_teams_v1/original/Team1/session_20260523_233823_hard/episode_00074.npz: OK
data/incoming/coinrun_teams_v1/original/Team1/session_20260523_233823_hard/episode_00075.npz: OK
data/incoming/coinrun_teams_v1/original/Team1/session_20260523_233823_hard/episode_00076.npz: OK
data/incoming/coinrun_teams_v1/original/Team1/session_20260523_233823_hard/episode_00077.npz: OK
data/incoming/coinrun_teams_v1/original/Team1/session_20260523_233823_hard/episode_00078.npz: OK
data/incoming/coinrun_teams_v1/original/Team1/session_20260523_233823_hard/episode_00079.npz: OK
data/incoming/coinrun_teams_v1/original/Team1/session_20260523_233823_hard/episode_00080.npz: OK
data/incoming/coinrun_teams_v1/original/Team1/session_20260523_233823_hard/episode_00081.npz: OK
data/incoming/coinrun_teams_v1/original/Team1/session_20260523_233823_hard/episode_00082.npz: OK
data/incoming/coinrun_teams_v1/original/Team1/session_20260523_233823_hard/episode_00083.npz: OK
data/incoming/coinrun_teams_v1/original/Team1/session_20260523_233823_hard/episode_00084.npz: OK
data/incoming/coinrun_teams_v1/original/Team1/session_20260523_233823_hard/episode_00085.npz: OK
data/incoming/coinrun_teams_v1/original/Team1/session_20260523_233823_hard/episode_00086.npz: OK
data/incoming/coinrun_teams_v1/original/Team1/session_20260523_233823_hard/episode_00087.npz: OK
data/incoming/coinrun_teams_v1/original/Team1/session_20260523_233823_hard/episode_00088.npz: OK
data/incoming/coinrun_teams_v1/original/Team1/session_20260523_233823_hard/episode_00089.npz: OK
data/incoming/coinrun_teams_v1/original/Team1/session_20260523_233823_hard/episode_00090.npz: OK
data/incoming/coinrun_teams_v1/original/Team1/session_20260523_233823_hard/episode_00091.npz: OK
data/incoming/coinrun_teams_v1/original/Team1/session_20260523_233823_hard/episode_00092.npz: OK
data/incoming/coinrun_teams_v1/original/Team1/session_20260523_233823_hard/episode_00093.npz: OK
data/incoming/coinrun_teams_v1/original/Team1/session_20260523_233823_hard/episode_00094.npz: OK
data/incoming/coinrun_teams_v1/original/Team1/session_20260523_233823_hard/episode_00095.npz: OK
data/incoming/coinrun_teams_v1/original/Team1/session_20260523_233823_hard/episode_00096.npz: OK
data/incoming/coinrun_teams_v1/original/Team1/session_20260523_233823_hard/episode_00097.npz: OK
data/incoming/coinrun_teams_v1/original/Team1/session_20260523_233823_hard/session.json: OK
data/incoming/coinrun_teams_v1/original/Team1/session_20260524_143251/episode_00001.npz: OK
data/incoming/coinrun_teams_v1/original/Team1/session_20260524_143251/episode_00002.npz: OK
data/incoming/coinrun_teams_v1/original/Team1/session_20260524_143251/episode_00003.npz: OK
data/incoming/coinrun_teams_v1/original/Team1/session_20260524_143251/episode_00004.npz: OK
data/incoming/coinrun_teams_v1/original/Team1/session_20260524_143251/episode_00005.npz: OK
data/incoming/coinrun_teams_v1/original/Team1/session_20260524_143251/episode_00006.npz: OK
data/incoming/coinrun_teams_v1/original/Team1/session_20260524_143251/episode_00007.npz: OK
data/incoming/coinrun_teams_v1/original/Team1/session_20260524_143251/episode_00008.npz: OK
data/incoming/coinrun_teams_v1/original/Team1/session_20260524_143251/episode_00009.npz: OK
data/incoming/coinrun_teams_v1/original/Team1/session_20260524_143251/episode_00010.npz: OK
data/incoming/coinrun_teams_v1/original/Team1/session_20260524_143251/episode_00011.npz: OK
data/incoming/coinrun_teams_v1/original/Team1/session_20260524_143251/episode_00012.npz: OK
data/incoming/coinrun_teams_v1/original/Team1/session_20260524_143251/episode_00013.npz: OK
data/incoming/coinrun_teams_v1/original/Team1/session_20260524_143251/episode_00014.npz: OK
data/incoming/coinrun_teams_v1/original/Team1/session_20260524_143251/episode_00015.npz: OK
data/incoming/coinrun_teams_v1/original/Team1/session_20260524_143251/episode_00016.npz: OK
data/incoming/coinrun_teams_v1/original/Team1/session_20260524_143251/episode_00017.npz: OK
data/incoming/coinrun_teams_v1/original/Team1/session_20260524_143251/episode_00018.npz: OK
data/incoming/coinrun_teams_v1/original/Team1/session_20260524_143251/episode_00019.npz: OK
data/incoming/coinrun_teams_v1/original/Team1/session_20260524_143251/episode_00020.npz: OK
data/incoming/coinrun_teams_v1/original/Team1/session_20260524_143251/episode_00021.npz: OK
data/incoming/coinrun_teams_v1/original/Team1/session_20260524_143251/episode_00022.npz: OK
data/incoming/coinrun_teams_v1/original/Team1/session_20260524_143251/episode_00023.npz: OK
data/incoming/coinrun_teams_v1/original/Team1/session_20260524_143251/episode_00024.npz: OK
data/incoming/coinrun_teams_v1/original/Team1/session_20260524_143251/episode_00025.npz: OK
data/incoming/coinrun_teams_v1/original/Team1/session_20260524_143251/episode_00026.npz: OK
data/incoming/coinrun_teams_v1/original/Team1/session_20260524_143251/episode_00027.npz: OK
data/incoming/coinrun_teams_v1/original/Team1/session_20260524_143251/episode_00028.npz: OK
data/incoming/coinrun_teams_v1/original/Team1/session_20260524_143251/episode_00029.npz: OK
data/incoming/coinrun_teams_v1/original/Team1/session_20260524_143251/episode_00030.npz: OK
data/incoming/coinrun_teams_v1/original/Team1/session_20260524_143251/episode_00031.npz: OK
data/incoming/coinrun_teams_v1/original/Team1/session_20260524_143251/episode_00032.npz: OK
data/incoming/coinrun_teams_v1/original/Team1/session_20260524_143251/episode_00033.npz: OK
data/incoming/coinrun_teams_v1/original/Team1/session_20260524_143251/episode_00034.npz: OK
data/incoming/coinrun_teams_v1/original/Team1/session_20260524_143251/episode_00035.npz: OK
data/incoming/coinrun_teams_v1/original/Team1/session_20260524_143251/episode_00036.npz: OK
data/incoming/coinrun_teams_v1/original/Team1/session_20260524_143251/episode_00037.npz: OK
data/incoming/coinrun_teams_v1/original/Team1/session_20260524_143251/episode_00038.npz: OK
data/incoming/coinrun_teams_v1/original/Team1/session_20260524_143251/episode_00039.npz: OK
data/incoming/coinrun_teams_v1/original/Team1/session_20260524_143251/episode_00040.npz: OK
data/incoming/coinrun_teams_v1/original/Team1/session_20260524_143251/episode_00041.npz: OK
data/incoming/coinrun_teams_v1/original/Team1/session_20260524_143251/episode_00042.npz: OK
data/incoming/coinrun_teams_v1/original/Team1/session_20260524_143251/episode_00043.npz: OK
data/incoming/coinrun_teams_v1/original/Team1/session_20260524_143251/episode_00044.npz: OK
data/incoming/coinrun_teams_v1/original/Team1/session_20260524_143251/episode_00045.npz: OK
data/incoming/coinrun_teams_v1/original/Team1/session_20260524_143251/episode_00046.npz: OK
data/incoming/coinrun_teams_v1/original/Team1/session_20260524_143251/episode_00047.npz: OK
data/incoming/coinrun_teams_v1/original/Team1/session_20260524_143251/episode_00048.npz: OK
data/incoming/coinrun_teams_v1/original/Team1/session_20260524_143251/episode_00049.npz: OK
data/incoming/coinrun_teams_v1/original/Team1/session_20260524_143251/episode_00050.npz: OK
data/incoming/coinrun_teams_v1/original/Team1/session_20260524_143251/episode_00051.npz: OK
data/incoming/coinrun_teams_v1/original/Team1/session_20260524_143251/episode_00052.npz: OK
data/incoming/coinrun_teams_v1/original/Team1/session_20260524_143251/episode_00053.npz: OK
data/incoming/coinrun_teams_v1/original/Team1/session_20260524_143251/episode_00054.npz: OK
data/incoming/coinrun_teams_v1/original/Team1/session_20260524_143251/episode_00055.npz: OK
data/incoming/coinrun_teams_v1/original/Team1/session_20260524_143251/episode_00056.npz: OK
data/incoming/coinrun_teams_v1/original/Team1/session_20260524_143251/episode_00057.npz: OK
data/incoming/coinrun_teams_v1/original/Team1/session_20260524_143251/episode_00058.npz: OK
data/incoming/coinrun_teams_v1/original/Team1/session_20260524_143251/episode_00059.npz: OK
data/incoming/coinrun_teams_v1/original/Team1/session_20260524_143251/episode_00060.npz: OK
data/incoming/coinrun_teams_v1/original/Team1/session_20260524_143251/episode_00061.npz: OK
data/incoming/coinrun_teams_v1/original/Team1/session_20260524_143251/episode_00062.npz: OK
data/incoming/coinrun_teams_v1/original/Team1/session_20260524_143251/episode_00063.npz: OK
data/incoming/coinrun_teams_v1/original/Team1/session_20260524_143251/episode_00064.npz: OK
data/incoming/coinrun_teams_v1/original/Team1/session_20260524_143251/episode_00065.npz: OK
data/incoming/coinrun_teams_v1/original/Team1/session_20260524_143251/episode_00066.npz: OK
data/incoming/coinrun_teams_v1/original/Team1/session_20260524_143251/episode_00067.npz: OK
data/incoming/coinrun_teams_v1/original/Team1/session_20260524_143251/episode_00068.npz: OK
data/incoming/coinrun_teams_v1/original/Team1/session_20260524_143251/episode_00069.npz: OK
data/incoming/coinrun_teams_v1/original/Team1/session_20260524_143251/episode_00070.npz: OK
data/incoming/coinrun_teams_v1/original/Team1/session_20260524_143251/episode_00071.npz: OK
data/incoming/coinrun_teams_v1/original/Team1/session_20260524_143251/episode_00072.npz: OK
data/incoming/coinrun_teams_v1/original/Team1/session_20260524_143251/episode_00073.npz: OK
data/incoming/coinrun_teams_v1/original/Team1/session_20260524_143251/session.json: OK
data/incoming/coinrun_teams_v1/original/Team1/session_20260524_144708/episode_00001.npz: OK
data/incoming/coinrun_teams_v1/original/Team1/session_20260524_144708/episode_00002.npz: OK
data/incoming/coinrun_teams_v1/original/Team1/session_20260524_144708/episode_00003.npz: OK
data/incoming/coinrun_teams_v1/original/Team1/session_20260524_144708/episode_00004.npz: OK
data/incoming/coinrun_teams_v1/original/Team1/session_20260524_144708/episode_00005.npz: OK
data/incoming/coinrun_teams_v1/original/Team1/session_20260524_144708/episode_00006.npz: OK
data/incoming/coinrun_teams_v1/original/Team1/session_20260524_144708/episode_00007.npz: OK
data/incoming/coinrun_teams_v1/original/Team1/session_20260524_144708/episode_00008.npz: OK
data/incoming/coinrun_teams_v1/original/Team1/session_20260524_144708/episode_00009.npz: OK
data/incoming/coinrun_teams_v1/original/Team1/session_20260524_144708/episode_00010.npz: OK
data/incoming/coinrun_teams_v1/original/Team1/session_20260524_144708/episode_00011.npz: OK
data/incoming/coinrun_teams_v1/original/Team1/session_20260524_144708/episode_00012.npz: OK
data/incoming/coinrun_teams_v1/original/Team1/session_20260524_144708/episode_00013.npz: OK
data/incoming/coinrun_teams_v1/original/Team1/session_20260524_144708/episode_00014.npz: OK
data/incoming/coinrun_teams_v1/original/Team1/session_20260524_144708/episode_00015.npz: OK
data/incoming/coinrun_teams_v1/original/Team1/session_20260524_144708/episode_00016.npz: OK
data/incoming/coinrun_teams_v1/original/Team1/session_20260524_144708/episode_00017.npz: OK
data/incoming/coinrun_teams_v1/original/Team1/session_20260524_144708/episode_00018.npz: OK
data/incoming/coinrun_teams_v1/original/Team1/session_20260524_144708/episode_00019.npz: OK
data/incoming/coinrun_teams_v1/original/Team1/session_20260524_144708/episode_00020.npz: OK
data/incoming/coinrun_teams_v1/original/Team1/session_20260524_144708/episode_00021.npz: OK
data/incoming/coinrun_teams_v1/original/Team1/session_20260524_144708/episode_00022.npz: OK
data/incoming/coinrun_teams_v1/original/Team1/session_20260524_144708/episode_00023.npz: OK
data/incoming/coinrun_teams_v1/original/Team1/session_20260524_144708/episode_00024.npz: OK
data/incoming/coinrun_teams_v1/original/Team1/session_20260524_144708/episode_00025.npz: OK
data/incoming/coinrun_teams_v1/original/Team1/session_20260524_144708/episode_00026.npz: OK
data/incoming/coinrun_teams_v1/original/Team1/session_20260524_144708/episode_00027.npz: OK
data/incoming/coinrun_teams_v1/original/Team1/session_20260524_144708/episode_00028.npz: OK
data/incoming/coinrun_teams_v1/original/Team1/session_20260524_144708/episode_00029.npz: OK
data/incoming/coinrun_teams_v1/original/Team1/session_20260524_144708/episode_00030.npz: OK
data/incoming/coinrun_teams_v1/original/Team1/session_20260524_144708/episode_00031.npz: OK
data/incoming/coinrun_teams_v1/original/Team1/session_20260524_144708/episode_00032.npz: OK
data/incoming/coinrun_teams_v1/original/Team1/session_20260524_144708/episode_00033.npz: OK
data/incoming/coinrun_teams_v1/original/Team1/session_20260524_144708/episode_00034.npz: OK
data/incoming/coinrun_teams_v1/original/Team1/session_20260524_144708/episode_00035.npz: OK
data/incoming/coinrun_teams_v1/original/Team1/session_20260524_144708/episode_00036.npz: OK
data/incoming/coinrun_teams_v1/original/Team1/session_20260524_144708/episode_00037.npz: OK
data/incoming/coinrun_teams_v1/original/Team1/session_20260524_144708/episode_00038.npz: OK
data/incoming/coinrun_teams_v1/original/Team1/session_20260524_144708/episode_00039.npz: OK
data/incoming/coinrun_teams_v1/original/Team1/session_20260524_144708/episode_00040.npz: OK
data/incoming/coinrun_teams_v1/original/Team1/session_20260524_144708/episode_00041.npz: OK
data/incoming/coinrun_teams_v1/original/Team1/session_20260524_144708/episode_00042.npz: OK
data/incoming/coinrun_teams_v1/original/Team1/session_20260524_144708/episode_00043.npz: OK
data/incoming/coinrun_teams_v1/original/Team1/session_20260524_144708/episode_00044.npz: OK
data/incoming/coinrun_teams_v1/original/Team1/session_20260524_144708/episode_00045.npz: OK
data/incoming/coinrun_teams_v1/original/Team1/session_20260524_144708/episode_00046.npz: OK
data/incoming/coinrun_teams_v1/original/Team1/session_20260524_144708/episode_00047.npz: OK
data/incoming/coinrun_teams_v1/original/Team1/session_20260524_144708/episode_00048.npz: OK
data/incoming/coinrun_teams_v1/original/Team1/session_20260524_144708/episode_00049.npz: OK
data/incoming/coinrun_teams_v1/original/Team1/session_20260524_144708/episode_00050.npz: OK
data/incoming/coinrun_teams_v1/original/Team1/session_20260524_144708/episode_00051.npz: OK
data/incoming/coinrun_teams_v1/original/Team1/session_20260524_144708/episode_00052.npz: OK
data/incoming/coinrun_teams_v1/original/Team1/session_20260524_144708/episode_00053.npz: OK
data/incoming/coinrun_teams_v1/original/Team1/session_20260524_144708/episode_00054.npz: OK
data/incoming/coinrun_teams_v1/original/Team1/session_20260524_144708/episode_00055.npz: OK
data/incoming/coinrun_teams_v1/original/Team1/session_20260524_144708/episode_00056.npz: OK
data/incoming/coinrun_teams_v1/original/Team1/session_20260524_144708/episode_00057.npz: OK
data/incoming/coinrun_teams_v1/original/Team1/session_20260524_144708/episode_00058.npz: OK
data/incoming/coinrun_teams_v1/original/Team1/session_20260524_144708/episode_00059.npz: OK
data/incoming/coinrun_teams_v1/original/Team1/session_20260524_144708/episode_00060.npz: OK
data/incoming/coinrun_teams_v1/original/Team1/session_20260524_144708/episode_00061.npz: OK
data/incoming/coinrun_teams_v1/original/Team1/session_20260524_144708/episode_00062.npz: OK
data/incoming/coinrun_teams_v1/original/Team1/session_20260524_144708/episode_00063.npz: OK
data/incoming/coinrun_teams_v1/original/Team1/session_20260524_144708/episode_00064.npz: OK
data/incoming/coinrun_teams_v1/original/Team1/session_20260524_144708/episode_00065.npz: OK
data/incoming/coinrun_teams_v1/original/Team1/session_20260524_144708/episode_00066.npz: OK
data/incoming/coinrun_teams_v1/original/Team1/session_20260524_144708/episode_00067.npz: OK
data/incoming/coinrun_teams_v1/original/Team1/session_20260524_144708/episode_00068.npz: OK
data/incoming/coinrun_teams_v1/original/Team1/session_20260524_144708/episode_00069.npz: OK
data/incoming/coinrun_teams_v1/original/Team1/session_20260524_144708/episode_00070.npz: OK
data/incoming/coinrun_teams_v1/original/Team1/session_20260524_144708/episode_00071.npz: OK
data/incoming/coinrun_teams_v1/original/Team1/session_20260524_144708/episode_00072.npz: OK
data/incoming/coinrun_teams_v1/original/Team1/session_20260524_144708/episode_00073.npz: OK
data/incoming/coinrun_teams_v1/original/Team1/session_20260524_144708/episode_00074.npz: OK
data/incoming/coinrun_teams_v1/original/Team1/session_20260524_144708/episode_00075.npz: OK
data/incoming/coinrun_teams_v1/original/Team1/session_20260524_144708/episode_00076.npz: OK
data/incoming/coinrun_teams_v1/original/Team1/session_20260524_144708/episode_00077.npz: OK
data/incoming/coinrun_teams_v1/original/Team1/session_20260524_144708/episode_00078.npz: OK
data/incoming/coinrun_teams_v1/original/Team1/session_20260524_144708/episode_00079.npz: OK
data/incoming/coinrun_teams_v1/original/Team1/session_20260524_144708/episode_00080.npz: OK
data/incoming/coinrun_teams_v1/original/Team1/session_20260524_144708/episode_00081.npz: OK
data/incoming/coinrun_teams_v1/original/Team1/session_20260524_144708/episode_00082.npz: OK
data/incoming/coinrun_teams_v1/original/Team1/session_20260524_144708/episode_00083.npz: OK
data/incoming/coinrun_teams_v1/original/Team1/session_20260524_144708/episode_00084.npz: OK
data/incoming/coinrun_teams_v1/original/Team1/session_20260524_144708/episode_00085.npz: OK
data/incoming/coinrun_teams_v1/original/Team1/session_20260524_144708/episode_00086.npz: OK
data/incoming/coinrun_teams_v1/original/Team1/session_20260524_144708/episode_00087.npz: OK
data/incoming/coinrun_teams_v1/original/Team1/session_20260524_144708/episode_00088.npz: OK
data/incoming/coinrun_teams_v1/original/Team1/session_20260524_144708/episode_00089.npz: OK
data/incoming/coinrun_teams_v1/original/Team1/session_20260524_144708/episode_00090.npz: OK
data/incoming/coinrun_teams_v1/original/Team1/session_20260524_144708/episode_00091.npz: OK
data/incoming/coinrun_teams_v1/original/Team1/session_20260524_144708/episode_00092.npz: OK
data/incoming/coinrun_teams_v1/original/Team1/session_20260524_144708/episode_00093.npz: OK
data/incoming/coinrun_teams_v1/original/Team1/session_20260524_144708/session.json: OK
data/incoming/coinrun_teams_v1/original/Team2/session_20260523_200307/episode_00001.npz: OK
data/incoming/coinrun_teams_v1/original/Team2/session_20260523_200307/episode_00002.npz: OK
data/incoming/coinrun_teams_v1/original/Team2/session_20260523_200307/episode_00003.npz: OK
data/incoming/coinrun_teams_v1/original/Team2/session_20260523_200307/episode_00004.npz: OK
data/incoming/coinrun_teams_v1/original/Team2/session_20260523_200307/episode_00005.npz: OK
data/incoming/coinrun_teams_v1/original/Team2/session_20260523_200307/episode_00006.npz: OK
data/incoming/coinrun_teams_v1/original/Team2/session_20260523_200307/episode_00007.npz: OK
data/incoming/coinrun_teams_v1/original/Team2/session_20260523_200307/episode_00008.npz: OK
data/incoming/coinrun_teams_v1/original/Team2/session_20260523_200307/episode_00009.npz: OK
data/incoming/coinrun_teams_v1/original/Team2/session_20260523_200307/episode_00010.npz: OK
data/incoming/coinrun_teams_v1/original/Team2/session_20260523_200307/episode_00011.npz: OK
data/incoming/coinrun_teams_v1/original/Team2/session_20260523_200307/episode_00012.npz: OK
data/incoming/coinrun_teams_v1/original/Team2/session_20260523_200307/episode_00013.npz: OK
data/incoming/coinrun_teams_v1/original/Team2/session_20260523_200307/episode_00014.npz: OK
data/incoming/coinrun_teams_v1/original/Team2/session_20260523_200307/episode_00015.npz: OK
data/incoming/coinrun_teams_v1/original/Team2/session_20260523_200307/episode_00016.npz: OK
data/incoming/coinrun_teams_v1/original/Team2/session_20260523_200307/episode_00017.npz: OK
data/incoming/coinrun_teams_v1/original/Team2/session_20260523_200307/episode_00018.npz: OK
data/incoming/coinrun_teams_v1/original/Team2/session_20260523_200307/episode_00019.npz: OK
data/incoming/coinrun_teams_v1/original/Team2/session_20260523_200307/episode_00020.npz: OK
data/incoming/coinrun_teams_v1/original/Team2/session_20260523_200307/episode_00021.npz: OK
data/incoming/coinrun_teams_v1/original/Team2/session_20260523_200307/episode_00022.npz: OK
data/incoming/coinrun_teams_v1/original/Team2/session_20260523_200307/episode_00023.npz: OK
data/incoming/coinrun_teams_v1/original/Team2/session_20260523_200307/episode_00024.npz: OK
data/incoming/coinrun_teams_v1/original/Team2/session_20260523_200307/episode_00025.npz: OK
data/incoming/coinrun_teams_v1/original/Team2/session_20260523_200307/episode_00026.npz: OK
data/incoming/coinrun_teams_v1/original/Team2/session_20260523_200307/episode_00027.npz: OK
data/incoming/coinrun_teams_v1/original/Team2/session_20260523_200307/episode_00028.npz: OK
data/incoming/coinrun_teams_v1/original/Team2/session_20260523_200307/episode_00029.npz: OK
data/incoming/coinrun_teams_v1/original/Team2/session_20260523_200307/episode_00030.npz: OK
data/incoming/coinrun_teams_v1/original/Team2/session_20260523_200307/episode_00031.npz: OK
data/incoming/coinrun_teams_v1/original/Team2/session_20260523_200307/episode_00032.npz: OK
data/incoming/coinrun_teams_v1/original/Team2/session_20260523_200307/episode_00033.npz: OK
data/incoming/coinrun_teams_v1/original/Team2/session_20260523_200307/episode_00034.npz: OK
data/incoming/coinrun_teams_v1/original/Team2/session_20260523_200307/episode_00035.npz: OK
data/incoming/coinrun_teams_v1/original/Team2/session_20260523_200307/episode_00036.npz: OK
data/incoming/coinrun_teams_v1/original/Team2/session_20260523_200307/episode_00037.npz: OK
data/incoming/coinrun_teams_v1/original/Team2/session_20260523_200307/episode_00038.npz: OK
data/incoming/coinrun_teams_v1/original/Team2/session_20260523_200307/episode_00039.npz: OK
data/incoming/coinrun_teams_v1/original/Team2/session_20260523_200307/episode_00040.npz: OK
data/incoming/coinrun_teams_v1/original/Team2/session_20260523_200307/episode_00041.npz: OK
data/incoming/coinrun_teams_v1/original/Team2/session_20260523_200307/episode_00042.npz: OK
data/incoming/coinrun_teams_v1/original/Team2/session_20260523_200307/episode_00043.npz: OK
data/incoming/coinrun_teams_v1/original/Team2/session_20260523_200307/episode_00044.npz: OK
data/incoming/coinrun_teams_v1/original/Team2/session_20260523_200307/episode_00045.npz: OK
data/incoming/coinrun_teams_v1/original/Team2/session_20260523_200307/episode_00046.npz: OK
data/incoming/coinrun_teams_v1/original/Team2/session_20260523_200307/episode_00047.npz: OK
data/incoming/coinrun_teams_v1/original/Team2/session_20260523_200307/episode_00048.npz: OK
data/incoming/coinrun_teams_v1/original/Team2/session_20260523_200307/episode_00049.npz: OK
data/incoming/coinrun_teams_v1/original/Team2/session_20260523_200307/episode_00050.npz: OK
data/incoming/coinrun_teams_v1/original/Team2/session_20260523_200307/episode_00051.npz: OK
data/incoming/coinrun_teams_v1/original/Team2/session_20260523_200307/episode_00052.npz: OK
data/incoming/coinrun_teams_v1/original/Team2/session_20260523_200307/episode_00053.npz: OK
data/incoming/coinrun_teams_v1/original/Team2/session_20260523_200307/episode_00054.npz: OK
data/incoming/coinrun_teams_v1/original/Team2/session_20260523_200307/session.json: OK
data/incoming/coinrun_teams_v1/original/Team2/session_20260523_204237/episode_00001.npz: OK
data/incoming/coinrun_teams_v1/original/Team2/session_20260523_204237/episode_00002.npz: OK
data/incoming/coinrun_teams_v1/original/Team2/session_20260523_204237/episode_00003.npz: OK
data/incoming/coinrun_teams_v1/original/Team2/session_20260523_204237/episode_00004.npz: OK
data/incoming/coinrun_teams_v1/original/Team2/session_20260523_204237/episode_00005.npz: OK
data/incoming/coinrun_teams_v1/original/Team2/session_20260523_204237/episode_00006.npz: OK
data/incoming/coinrun_teams_v1/original/Team2/session_20260523_204237/episode_00007.npz: OK
data/incoming/coinrun_teams_v1/original/Team2/session_20260523_204237/episode_00008.npz: OK
data/incoming/coinrun_teams_v1/original/Team2/session_20260523_204237/episode_00009.npz: OK
data/incoming/coinrun_teams_v1/original/Team2/session_20260523_204237/episode_00010.npz: OK
data/incoming/coinrun_teams_v1/original/Team2/session_20260523_204237/episode_00011.npz: OK
data/incoming/coinrun_teams_v1/original/Team2/session_20260523_204237/episode_00012.npz: OK
data/incoming/coinrun_teams_v1/original/Team2/session_20260523_204237/episode_00013.npz: OK
data/incoming/coinrun_teams_v1/original/Team2/session_20260523_204237/episode_00014.npz: OK
data/incoming/coinrun_teams_v1/original/Team2/session_20260523_204237/episode_00015.npz: OK
data/incoming/coinrun_teams_v1/original/Team2/session_20260523_204237/episode_00016.npz: OK
data/incoming/coinrun_teams_v1/original/Team2/session_20260523_204237/session.json: OK
data/incoming/coinrun_teams_v1/original/Team2/session_20260523_204748/episode_00001.npz: OK
data/incoming/coinrun_teams_v1/original/Team2/session_20260523_204748/episode_00002.npz: OK
data/incoming/coinrun_teams_v1/original/Team2/session_20260523_204748/episode_00003.npz: OK
data/incoming/coinrun_teams_v1/original/Team2/session_20260523_204748/episode_00004.npz: OK
data/incoming/coinrun_teams_v1/original/Team2/session_20260523_204748/episode_00005.npz: OK
data/incoming/coinrun_teams_v1/original/Team2/session_20260523_204748/episode_00006.npz: OK
data/incoming/coinrun_teams_v1/original/Team2/session_20260523_204748/episode_00007.npz: OK
data/incoming/coinrun_teams_v1/original/Team2/session_20260523_204748/episode_00008.npz: OK
data/incoming/coinrun_teams_v1/original/Team2/session_20260523_204748/episode_00009.npz: OK
data/incoming/coinrun_teams_v1/original/Team2/session_20260523_204748/episode_00010.npz: OK
data/incoming/coinrun_teams_v1/original/Team2/session_20260523_204748/episode_00011.npz: OK
data/incoming/coinrun_teams_v1/original/Team2/session_20260523_204748/episode_00012.npz: OK
data/incoming/coinrun_teams_v1/original/Team2/session_20260523_204748/episode_00013.npz: OK
data/incoming/coinrun_teams_v1/original/Team2/session_20260523_204748/episode_00014.npz: OK
data/incoming/coinrun_teams_v1/original/Team2/session_20260523_204748/episode_00015.npz: OK
data/incoming/coinrun_teams_v1/original/Team2/session_20260523_204748/episode_00016.npz: OK
data/incoming/coinrun_teams_v1/original/Team2/session_20260523_204748/episode_00017.npz: OK
data/incoming/coinrun_teams_v1/original/Team2/session_20260523_204748/episode_00018.npz: OK
data/incoming/coinrun_teams_v1/original/Team2/session_20260523_204748/episode_00019.npz: OK
data/incoming/coinrun_teams_v1/original/Team2/session_20260523_204748/episode_00020.npz: OK
data/incoming/coinrun_teams_v1/original/Team2/session_20260523_204748/episode_00021.npz: OK
data/incoming/coinrun_teams_v1/original/Team2/session_20260523_204748/episode_00022.npz: OK
data/incoming/coinrun_teams_v1/original/Team2/session_20260523_204748/episode_00023.npz: OK
data/incoming/coinrun_teams_v1/original/Team2/session_20260523_204748/episode_00024.npz: OK
data/incoming/coinrun_teams_v1/original/Team2/session_20260523_204748/episode_00025.npz: OK
data/incoming/coinrun_teams_v1/original/Team2/session_20260523_204748/episode_00026.npz: OK
data/incoming/coinrun_teams_v1/original/Team2/session_20260523_204748/episode_00027.npz: OK
data/incoming/coinrun_teams_v1/original/Team2/session_20260523_204748/episode_00028.npz: OK
data/incoming/coinrun_teams_v1/original/Team2/session_20260523_204748/episode_00029.npz: OK
data/incoming/coinrun_teams_v1/original/Team2/session_20260523_204748/episode_00030.npz: OK
data/incoming/coinrun_teams_v1/original/Team2/session_20260523_204748/episode_00031.npz: OK
data/incoming/coinrun_teams_v1/original/Team2/session_20260523_204748/episode_00032.npz: OK
data/incoming/coinrun_teams_v1/original/Team2/session_20260523_204748/episode_00033.npz: OK
data/incoming/coinrun_teams_v1/original/Team2/session_20260523_204748/episode_00034.npz: OK
data/incoming/coinrun_teams_v1/original/Team2/session_20260523_204748/episode_00035.npz: OK
data/incoming/coinrun_teams_v1/original/Team2/session_20260523_204748/episode_00036.npz: OK
data/incoming/coinrun_teams_v1/original/Team2/session_20260523_204748/episode_00037.npz: OK
data/incoming/coinrun_teams_v1/original/Team2/session_20260523_204748/episode_00038.npz: OK
data/incoming/coinrun_teams_v1/original/Team2/session_20260523_204748/episode_00039.npz: OK
data/incoming/coinrun_teams_v1/original/Team2/session_20260523_204748/episode_00040.npz: OK
data/incoming/coinrun_teams_v1/original/Team2/session_20260523_204748/episode_00041.npz: OK
data/incoming/coinrun_teams_v1/original/Team2/session_20260523_204748/episode_00042.npz: OK
data/incoming/coinrun_teams_v1/original/Team2/session_20260523_204748/episode_00043.npz: OK
data/incoming/coinrun_teams_v1/original/Team2/session_20260523_204748/episode_00044.npz: OK
data/incoming/coinrun_teams_v1/original/Team2/session_20260523_204748/episode_00045.npz: OK
data/incoming/coinrun_teams_v1/original/Team2/session_20260523_204748/episode_00046.npz: OK
data/incoming/coinrun_teams_v1/original/Team2/session_20260523_204748/episode_00047.npz: OK
data/incoming/coinrun_teams_v1/original/Team2/session_20260523_204748/episode_00048.npz: OK
data/incoming/coinrun_teams_v1/original/Team2/session_20260523_204748/episode_00049.npz: OK
data/incoming/coinrun_teams_v1/original/Team2/session_20260523_204748/episode_00050.npz: OK
data/incoming/coinrun_teams_v1/original/Team2/session_20260523_204748/episode_00051.npz: OK
data/incoming/coinrun_teams_v1/original/Team2/session_20260523_204748/episode_00052.npz: OK
data/incoming/coinrun_teams_v1/original/Team2/session_20260523_204748/episode_00053.npz: OK
data/incoming/coinrun_teams_v1/original/Team2/session_20260523_204748/episode_00054.npz: OK
data/incoming/coinrun_teams_v1/original/Team2/session_20260523_204748/episode_00055.npz: OK
data/incoming/coinrun_teams_v1/original/Team2/session_20260523_204748/episode_00056.npz: OK
data/incoming/coinrun_teams_v1/original/Team2/session_20260523_204748/episode_00057.npz: OK
data/incoming/coinrun_teams_v1/original/Team2/session_20260523_204748/episode_00058.npz: OK
data/incoming/coinrun_teams_v1/original/Team2/session_20260523_204748/episode_00059.npz: OK
data/incoming/coinrun_teams_v1/original/Team2/session_20260523_204748/episode_00060.npz: OK
data/incoming/coinrun_teams_v1/original/Team2/session_20260523_204748/episode_00061.npz: OK
data/incoming/coinrun_teams_v1/original/Team2/session_20260523_204748/episode_00062.npz: OK
data/incoming/coinrun_teams_v1/original/Team2/session_20260523_204748/episode_00063.npz: OK
data/incoming/coinrun_teams_v1/original/Team2/session_20260523_204748/episode_00064.npz: OK
data/incoming/coinrun_teams_v1/original/Team2/session_20260523_204748/episode_00065.npz: OK
data/incoming/coinrun_teams_v1/original/Team2/session_20260523_204748/episode_00066.npz: OK
data/incoming/coinrun_teams_v1/original/Team2/session_20260523_204748/episode_00067.npz: OK
data/incoming/coinrun_teams_v1/original/Team2/session_20260523_204748/episode_00068.npz: OK
data/incoming/coinrun_teams_v1/original/Team2/session_20260523_204748/episode_00069.npz: OK
data/incoming/coinrun_teams_v1/original/Team2/session_20260523_204748/episode_00070.npz: OK
data/incoming/coinrun_teams_v1/original/Team2/session_20260523_204748/episode_00071.npz: OK
data/incoming/coinrun_teams_v1/original/Team2/session_20260523_204748/episode_00072.npz: OK
data/incoming/coinrun_teams_v1/original/Team2/session_20260523_204748/episode_00073.npz: OK
data/incoming/coinrun_teams_v1/original/Team2/session_20260523_204748/episode_00074.npz: OK
data/incoming/coinrun_teams_v1/original/Team2/session_20260523_204748/episode_00075.npz: OK
data/incoming/coinrun_teams_v1/original/Team2/session_20260523_204748/episode_00076.npz: OK
data/incoming/coinrun_teams_v1/original/Team2/session_20260523_204748/episode_00077.npz: OK
data/incoming/coinrun_teams_v1/original/Team2/session_20260523_204748/episode_00078.npz: OK
data/incoming/coinrun_teams_v1/original/Team2/session_20260523_204748/episode_00079.npz: OK
data/incoming/coinrun_teams_v1/original/Team2/session_20260523_204748/episode_00080.npz: OK
data/incoming/coinrun_teams_v1/original/Team2/session_20260523_204748/episode_00081.npz: OK
data/incoming/coinrun_teams_v1/original/Team2/session_20260523_204748/episode_00082.npz: OK
data/incoming/coinrun_teams_v1/original/Team2/session_20260523_204748/episode_00083.npz: OK
data/incoming/coinrun_teams_v1/original/Team2/session_20260523_204748/episode_00084.npz: OK
data/incoming/coinrun_teams_v1/original/Team2/session_20260523_204748/episode_00085.npz: OK
data/incoming/coinrun_teams_v1/original/Team2/session_20260523_204748/episode_00086.npz: OK
data/incoming/coinrun_teams_v1/original/Team2/session_20260523_204748/episode_00087.npz: OK
data/incoming/coinrun_teams_v1/original/Team2/session_20260523_204748/episode_00088.npz: OK
data/incoming/coinrun_teams_v1/original/Team2/session_20260523_204748/episode_00089.npz: OK
data/incoming/coinrun_teams_v1/original/Team2/session_20260523_204748/episode_00090.npz: OK
data/incoming/coinrun_teams_v1/original/Team2/session_20260523_204748/episode_00091.npz: OK
data/incoming/coinrun_teams_v1/original/Team2/session_20260523_204748/episode_00092.npz: OK
data/incoming/coinrun_teams_v1/original/Team2/session_20260523_204748/episode_00093.npz: OK
data/incoming/coinrun_teams_v1/original/Team2/session_20260523_204748/episode_00094.npz: OK
data/incoming/coinrun_teams_v1/original/Team2/session_20260523_204748/episode_00095.npz: OK
data/incoming/coinrun_teams_v1/original/Team2/session_20260523_204748/episode_00096.npz: OK
data/incoming/coinrun_teams_v1/original/Team2/session_20260523_204748/episode_00097.npz: OK
data/incoming/coinrun_teams_v1/original/Team2/session_20260523_204748/episode_00098.npz: OK
data/incoming/coinrun_teams_v1/original/Team2/session_20260523_204748/episode_00099.npz: OK
data/incoming/coinrun_teams_v1/original/Team2/session_20260523_204748/episode_00100.npz: OK
data/incoming/coinrun_teams_v1/original/Team2/session_20260523_204748/episode_00101.npz: OK
data/incoming/coinrun_teams_v1/original/Team2/session_20260523_204748/episode_00102.npz: OK
data/incoming/coinrun_teams_v1/original/Team2/session_20260523_204748/episode_00103.npz: OK
data/incoming/coinrun_teams_v1/original/Team2/session_20260523_204748/session.json: OK
data/incoming/coinrun_teams_v1/original/Team2/session_20260524_233417/episode_00001.npz: OK
data/incoming/coinrun_teams_v1/original/Team2/session_20260524_233417/episode_00002.npz: OK
data/incoming/coinrun_teams_v1/original/Team2/session_20260524_233417/episode_00003.npz: OK
data/incoming/coinrun_teams_v1/original/Team2/session_20260524_233417/episode_00004.npz: OK
data/incoming/coinrun_teams_v1/original/Team2/session_20260524_233417/episode_00005.npz: OK
data/incoming/coinrun_teams_v1/original/Team2/session_20260524_233417/episode_00006.npz: OK
data/incoming/coinrun_teams_v1/original/Team2/session_20260524_233417/episode_00007.npz: OK
data/incoming/coinrun_teams_v1/original/Team2/session_20260524_233417/episode_00008.npz: OK
data/incoming/coinrun_teams_v1/original/Team2/session_20260524_233417/episode_00009.npz: OK
data/incoming/coinrun_teams_v1/original/Team2/session_20260524_233417/episode_00010.npz: OK
data/incoming/coinrun_teams_v1/original/Team2/session_20260524_233417/episode_00011.npz: OK
data/incoming/coinrun_teams_v1/original/Team2/session_20260524_233417/episode_00012.npz: OK
data/incoming/coinrun_teams_v1/original/Team2/session_20260524_233417/episode_00013.npz: OK
data/incoming/coinrun_teams_v1/original/Team2/session_20260524_233417/episode_00014.npz: OK
data/incoming/coinrun_teams_v1/original/Team2/session_20260524_233417/episode_00015.npz: OK
data/incoming/coinrun_teams_v1/original/Team2/session_20260524_233417/episode_00016.npz: OK
data/incoming/coinrun_teams_v1/original/Team2/session_20260524_233417/episode_00017.npz: OK
data/incoming/coinrun_teams_v1/original/Team2/session_20260524_233417/episode_00018.npz: OK
data/incoming/coinrun_teams_v1/original/Team2/session_20260524_233417/episode_00019.npz: OK
data/incoming/coinrun_teams_v1/original/Team2/session_20260524_233417/episode_00020.npz: OK
data/incoming/coinrun_teams_v1/original/Team2/session_20260524_233417/episode_00021.npz: OK
data/incoming/coinrun_teams_v1/original/Team2/session_20260524_233417/episode_00022.npz: OK
data/incoming/coinrun_teams_v1/original/Team2/session_20260524_233417/episode_00023.npz: OK
data/incoming/coinrun_teams_v1/original/Team2/session_20260524_233417/episode_00024.npz: OK
data/incoming/coinrun_teams_v1/original/Team2/session_20260524_233417/episode_00025.npz: OK
data/incoming/coinrun_teams_v1/original/Team2/session_20260524_233417/episode_00026.npz: OK
data/incoming/coinrun_teams_v1/original/Team2/session_20260524_233417/episode_00027.npz: OK
data/incoming/coinrun_teams_v1/original/Team2/session_20260524_233417/episode_00028.npz: OK
data/incoming/coinrun_teams_v1/original/Team2/session_20260524_233417/episode_00029.npz: OK
data/incoming/coinrun_teams_v1/original/Team2/session_20260524_233417/episode_00030.npz: OK
data/incoming/coinrun_teams_v1/original/Team2/session_20260524_233417/episode_00031.npz: OK
data/incoming/coinrun_teams_v1/original/Team2/session_20260524_233417/episode_00032.npz: OK
data/incoming/coinrun_teams_v1/original/Team2/session_20260524_233417/episode_00033.npz: OK
data/incoming/coinrun_teams_v1/original/Team2/session_20260524_233417/episode_00034.npz: OK
data/incoming/coinrun_teams_v1/original/Team2/session_20260524_233417/episode_00035.npz: OK
data/incoming/coinrun_teams_v1/original/Team2/session_20260524_233417/episode_00036.npz: OK
data/incoming/coinrun_teams_v1/original/Team2/session_20260524_233417/episode_00037.npz: OK
data/incoming/coinrun_teams_v1/original/Team2/session_20260524_233417/episode_00038.npz: OK
data/incoming/coinrun_teams_v1/original/Team2/session_20260524_233417/episode_00039.npz: OK
data/incoming/coinrun_teams_v1/original/Team2/session_20260524_233417/episode_00040.npz: OK
data/incoming/coinrun_teams_v1/original/Team2/session_20260524_233417/episode_00041.npz: OK
data/incoming/coinrun_teams_v1/original/Team2/session_20260524_233417/episode_00042.npz: OK
data/incoming/coinrun_teams_v1/original/Team2/session_20260524_233417/episode_00043.npz: OK
data/incoming/coinrun_teams_v1/original/Team2/session_20260524_233417/episode_00044.npz: OK
data/incoming/coinrun_teams_v1/original/Team2/session_20260524_233417/episode_00045.npz: OK
data/incoming/coinrun_teams_v1/original/Team2/session_20260524_233417/episode_00046.npz: OK
data/incoming/coinrun_teams_v1/original/Team2/session_20260524_233417/episode_00047.npz: OK
data/incoming/coinrun_teams_v1/original/Team2/session_20260524_233417/episode_00048.npz: OK
data/incoming/coinrun_teams_v1/original/Team2/session_20260524_233417/episode_00049.npz: OK
data/incoming/coinrun_teams_v1/original/Team2/session_20260524_233417/episode_00050.npz: OK
data/incoming/coinrun_teams_v1/original/Team2/session_20260524_233417/episode_00051.npz: OK
data/incoming/coinrun_teams_v1/original/Team2/session_20260524_233417/episode_00052.npz: OK
data/incoming/coinrun_teams_v1/original/Team2/session_20260524_233417/episode_00053.npz: OK
data/incoming/coinrun_teams_v1/original/Team2/session_20260524_233417/episode_00054.npz: OK
data/incoming/coinrun_teams_v1/original/Team2/session_20260524_233417/episode_00055.npz: OK
data/incoming/coinrun_teams_v1/original/Team2/session_20260524_233417/episode_00056.npz: OK
data/incoming/coinrun_teams_v1/original/Team2/session_20260524_233417/episode_00057.npz: OK
data/incoming/coinrun_teams_v1/original/Team2/session_20260524_233417/episode_00058.npz: OK
data/incoming/coinrun_teams_v1/original/Team2/session_20260524_233417/episode_00059.npz: OK
data/incoming/coinrun_teams_v1/original/Team2/session_20260524_233417/episode_00060.npz: OK
data/incoming/coinrun_teams_v1/original/Team2/session_20260524_233417/episode_00061.npz: OK
data/incoming/coinrun_teams_v1/original/Team2/session_20260524_233417/episode_00062.npz: OK
data/incoming/coinrun_teams_v1/original/Team2/session_20260524_233417/episode_00063.npz: OK
data/incoming/coinrun_teams_v1/original/Team2/session_20260524_233417/episode_00064.npz: OK
data/incoming/coinrun_teams_v1/original/Team2/session_20260524_233417/episode_00065.npz: OK
data/incoming/coinrun_teams_v1/original/Team2/session_20260524_233417/episode_00066.npz: OK
data/incoming/coinrun_teams_v1/original/Team2/session_20260524_233417/episode_00067.npz: OK
data/incoming/coinrun_teams_v1/original/Team2/session_20260524_233417/episode_00068.npz: OK
data/incoming/coinrun_teams_v1/original/Team2/session_20260524_233417/episode_00069.npz: OK
data/incoming/coinrun_teams_v1/original/Team2/session_20260524_233417/episode_00070.npz: OK
data/incoming/coinrun_teams_v1/original/Team2/session_20260524_233417/episode_00071.npz: OK
data/incoming/coinrun_teams_v1/original/Team2/session_20260524_233417/episode_00072.npz: OK
data/incoming/coinrun_teams_v1/original/Team2/session_20260524_233417/episode_00073.npz: OK
data/incoming/coinrun_teams_v1/original/Team2/session_20260524_233417/episode_00074.npz: OK
data/incoming/coinrun_teams_v1/original/Team2/session_20260524_233417/episode_00075.npz: OK
data/incoming/coinrun_teams_v1/original/Team2/session_20260524_233417/episode_00076.npz: OK
data/incoming/coinrun_teams_v1/original/Team2/session_20260524_233417/episode_00077.npz: OK
data/incoming/coinrun_teams_v1/original/Team2/session_20260524_233417/episode_00078.npz: OK
data/incoming/coinrun_teams_v1/original/Team2/session_20260524_233417/episode_00079.npz: OK
data/incoming/coinrun_teams_v1/original/Team2/session_20260524_233417/episode_00080.npz: OK
data/incoming/coinrun_teams_v1/original/Team2/session_20260524_233417/episode_00081.npz: OK
data/incoming/coinrun_teams_v1/original/Team2/session_20260524_233417/episode_00082.npz: OK
data/incoming/coinrun_teams_v1/original/Team2/session_20260524_233417/episode_00083.npz: OK
data/incoming/coinrun_teams_v1/original/Team2/session_20260524_233417/episode_00084.npz: OK
data/incoming/coinrun_teams_v1/original/Team2/session_20260524_233417/episode_00085.npz: OK
data/incoming/coinrun_teams_v1/original/Team2/session_20260524_233417/episode_00086.npz: OK
data/incoming/coinrun_teams_v1/original/Team2/session_20260524_233417/episode_00087.npz: OK
data/incoming/coinrun_teams_v1/original/Team2/session_20260524_233417/episode_00088.npz: OK
data/incoming/coinrun_teams_v1/original/Team2/session_20260524_233417/episode_00089.npz: OK
data/incoming/coinrun_teams_v1/original/Team2/session_20260524_233417/episode_00090.npz: OK
data/incoming/coinrun_teams_v1/original/Team2/session_20260524_233417/episode_00091.npz: OK
data/incoming/coinrun_teams_v1/original/Team2/session_20260524_233417/episode_00092.npz: OK
data/incoming/coinrun_teams_v1/original/Team2/session_20260524_233417/episode_00093.npz: OK
data/incoming/coinrun_teams_v1/original/Team2/session_20260524_233417/episode_00094.npz: OK
data/incoming/coinrun_teams_v1/original/Team2/session_20260524_233417/episode_00095.npz: OK
data/incoming/coinrun_teams_v1/original/Team2/session_20260524_233417/episode_00096.npz: OK
data/incoming/coinrun_teams_v1/original/Team2/session_20260524_233417/session.json: OK
data/incoming/coinrun_teams_v1/original/Team2/session_20260524_233438/episode_00001.npz: OK
data/incoming/coinrun_teams_v1/original/Team2/session_20260524_233438/episode_00002.npz: OK
data/incoming/coinrun_teams_v1/original/Team2/session_20260524_233438/episode_00003.npz: OK
data/incoming/coinrun_teams_v1/original/Team2/session_20260524_233438/episode_00004.npz: OK
data/incoming/coinrun_teams_v1/original/Team2/session_20260524_233438/episode_00005.npz: OK
data/incoming/coinrun_teams_v1/original/Team2/session_20260524_233438/episode_00006.npz: OK
data/incoming/coinrun_teams_v1/original/Team2/session_20260524_233438/episode_00007.npz: OK
data/incoming/coinrun_teams_v1/original/Team2/session_20260524_233438/episode_00008.npz: OK
data/incoming/coinrun_teams_v1/original/Team2/session_20260524_233438/episode_00009.npz: OK
data/incoming/coinrun_teams_v1/original/Team2/session_20260524_233438/episode_00010.npz: OK
data/incoming/coinrun_teams_v1/original/Team2/session_20260524_233438/episode_00011.npz: OK
data/incoming/coinrun_teams_v1/original/Team2/session_20260524_233438/episode_00012.npz: OK
data/incoming/coinrun_teams_v1/original/Team2/session_20260524_233438/episode_00013.npz: OK
data/incoming/coinrun_teams_v1/original/Team2/session_20260524_233438/episode_00014.npz: OK
data/incoming/coinrun_teams_v1/original/Team2/session_20260524_233438/episode_00015.npz: OK
data/incoming/coinrun_teams_v1/original/Team2/session_20260524_233438/episode_00016.npz: OK
data/incoming/coinrun_teams_v1/original/Team2/session_20260524_233438/episode_00017.npz: OK
data/incoming/coinrun_teams_v1/original/Team2/session_20260524_233438/episode_00018.npz: OK
data/incoming/coinrun_teams_v1/original/Team2/session_20260524_233438/episode_00019.npz: OK
data/incoming/coinrun_teams_v1/original/Team2/session_20260524_233438/episode_00020.npz: OK
data/incoming/coinrun_teams_v1/original/Team2/session_20260524_233438/episode_00021.npz: OK
data/incoming/coinrun_teams_v1/original/Team2/session_20260524_233438/episode_00022.npz: OK
data/incoming/coinrun_teams_v1/original/Team2/session_20260524_233438/episode_00023.npz: OK
data/incoming/coinrun_teams_v1/original/Team2/session_20260524_233438/episode_00024.npz: OK
data/incoming/coinrun_teams_v1/original/Team2/session_20260524_233438/episode_00025.npz: OK
data/incoming/coinrun_teams_v1/original/Team2/session_20260524_233438/episode_00026.npz: OK
data/incoming/coinrun_teams_v1/original/Team2/session_20260524_233438/episode_00027.npz: OK
data/incoming/coinrun_teams_v1/original/Team2/session_20260524_233438/episode_00028.npz: OK
data/incoming/coinrun_teams_v1/original/Team2/session_20260524_233438/episode_00029.npz: OK
data/incoming/coinrun_teams_v1/original/Team2/session_20260524_233438/episode_00030.npz: OK
data/incoming/coinrun_teams_v1/original/Team2/session_20260524_233438/episode_00031.npz: OK
data/incoming/coinrun_teams_v1/original/Team2/session_20260524_233438/episode_00032.npz: OK
data/incoming/coinrun_teams_v1/original/Team2/session_20260524_233438/episode_00033.npz: OK
data/incoming/coinrun_teams_v1/original/Team2/session_20260524_233438/episode_00034.npz: OK
data/incoming/coinrun_teams_v1/original/Team2/session_20260524_233438/episode_00035.npz: OK
data/incoming/coinrun_teams_v1/original/Team2/session_20260524_233438/episode_00036.npz: OK
data/incoming/coinrun_teams_v1/original/Team2/session_20260524_233438/episode_00037.npz: OK
data/incoming/coinrun_teams_v1/original/Team2/session_20260524_233438/episode_00038.npz: OK
data/incoming/coinrun_teams_v1/original/Team2/session_20260524_233438/episode_00039.npz: OK
data/incoming/coinrun_teams_v1/original/Team2/session_20260524_233438/episode_00040.npz: OK
data/incoming/coinrun_teams_v1/original/Team2/session_20260524_233438/episode_00041.npz: OK
data/incoming/coinrun_teams_v1/original/Team2/session_20260524_233438/episode_00042.npz: OK
data/incoming/coinrun_teams_v1/original/Team2/session_20260524_233438/episode_00043.npz: OK
data/incoming/coinrun_teams_v1/original/Team2/session_20260524_233438/episode_00044.npz: OK
data/incoming/coinrun_teams_v1/original/Team2/session_20260524_233438/episode_00045.npz: OK
data/incoming/coinrun_teams_v1/original/Team2/session_20260524_233438/episode_00046.npz: OK
data/incoming/coinrun_teams_v1/original/Team2/session_20260524_233438/episode_00047.npz: OK
data/incoming/coinrun_teams_v1/original/Team2/session_20260524_233438/episode_00048.npz: OK
data/incoming/coinrun_teams_v1/original/Team2/session_20260524_233438/episode_00049.npz: OK
data/incoming/coinrun_teams_v1/original/Team2/session_20260524_233438/episode_00050.npz: OK
data/incoming/coinrun_teams_v1/original/Team2/session_20260524_233438/episode_00051.npz: OK
data/incoming/coinrun_teams_v1/original/Team2/session_20260524_233438/episode_00052.npz: OK
data/incoming/coinrun_teams_v1/original/Team2/session_20260524_233438/episode_00053.npz: OK
data/incoming/coinrun_teams_v1/original/Team2/session_20260524_233438/episode_00054.npz: OK
data/incoming/coinrun_teams_v1/original/Team2/session_20260524_233438/episode_00055.npz: OK
data/incoming/coinrun_teams_v1/original/Team2/session_20260524_233438/episode_00056.npz: OK
data/incoming/coinrun_teams_v1/original/Team2/session_20260524_233438/episode_00057.npz: OK
data/incoming/coinrun_teams_v1/original/Team2/session_20260524_233438/episode_00058.npz: OK
data/incoming/coinrun_teams_v1/original/Team2/session_20260524_233438/episode_00059.npz: OK
data/incoming/coinrun_teams_v1/original/Team2/session_20260524_233438/episode_00060.npz: OK
data/incoming/coinrun_teams_v1/original/Team2/session_20260524_233438/episode_00061.npz: OK
data/incoming/coinrun_teams_v1/original/Team2/session_20260524_233438/episode_00062.npz: OK
data/incoming/coinrun_teams_v1/original/Team2/session_20260524_233438/episode_00063.npz: OK
data/incoming/coinrun_teams_v1/original/Team2/session_20260524_233438/episode_00064.npz: OK
data/incoming/coinrun_teams_v1/original/Team2/session_20260524_233438/episode_00065.npz: OK
data/incoming/coinrun_teams_v1/original/Team2/session_20260524_233438/episode_00066.npz: OK
data/incoming/coinrun_teams_v1/original/Team2/session_20260524_233438/episode_00067.npz: OK
data/incoming/coinrun_teams_v1/original/Team2/session_20260524_233438/episode_00068.npz: OK
data/incoming/coinrun_teams_v1/original/Team2/session_20260524_233438/episode_00069.npz: OK
data/incoming/coinrun_teams_v1/original/Team2/session_20260524_233438/episode_00070.npz: OK
data/incoming/coinrun_teams_v1/original/Team2/session_20260524_233438/episode_00071.npz: OK
data/incoming/coinrun_teams_v1/original/Team2/session_20260524_233438/session.json: OK
data/incoming/coinrun_teams_v1/original/Team3/session_20260524_105658_hard/episode_00001.npz: OK
data/incoming/coinrun_teams_v1/original/Team3/session_20260524_105658_hard/episode_00002.npz: OK
data/incoming/coinrun_teams_v1/original/Team3/session_20260524_105658_hard/episode_00003.npz: OK
data/incoming/coinrun_teams_v1/original/Team3/session_20260524_105658_hard/episode_00004.npz: OK
data/incoming/coinrun_teams_v1/original/Team3/session_20260524_105658_hard/episode_00005.npz: OK
data/incoming/coinrun_teams_v1/original/Team3/session_20260524_105658_hard/episode_00006.npz: OK
data/incoming/coinrun_teams_v1/original/Team3/session_20260524_105658_hard/episode_00007.npz: OK
data/incoming/coinrun_teams_v1/original/Team3/session_20260524_105658_hard/episode_00008.npz: OK
data/incoming/coinrun_teams_v1/original/Team3/session_20260524_105658_hard/episode_00009.npz: OK
data/incoming/coinrun_teams_v1/original/Team3/session_20260524_105658_hard/episode_00010.npz: OK
data/incoming/coinrun_teams_v1/original/Team3/session_20260524_105658_hard/episode_00011.npz: OK
data/incoming/coinrun_teams_v1/original/Team3/session_20260524_105658_hard/episode_00012.npz: OK
data/incoming/coinrun_teams_v1/original/Team3/session_20260524_105658_hard/episode_00013.npz: OK
data/incoming/coinrun_teams_v1/original/Team3/session_20260524_105658_hard/episode_00014.npz: OK
data/incoming/coinrun_teams_v1/original/Team3/session_20260524_105658_hard/episode_00015.npz: OK
data/incoming/coinrun_teams_v1/original/Team3/session_20260524_105658_hard/episode_00016.npz: OK
data/incoming/coinrun_teams_v1/original/Team3/session_20260524_105658_hard/episode_00017.npz: OK
data/incoming/coinrun_teams_v1/original/Team3/session_20260524_105658_hard/episode_00018.npz: OK
data/incoming/coinrun_teams_v1/original/Team3/session_20260524_105658_hard/episode_00019.npz: OK
data/incoming/coinrun_teams_v1/original/Team3/session_20260524_105658_hard/episode_00020.npz: OK
data/incoming/coinrun_teams_v1/original/Team3/session_20260524_105658_hard/episode_00021.npz: OK
data/incoming/coinrun_teams_v1/original/Team3/session_20260524_105658_hard/episode_00022.npz: OK
data/incoming/coinrun_teams_v1/original/Team3/session_20260524_105658_hard/episode_00023.npz: OK
data/incoming/coinrun_teams_v1/original/Team3/session_20260524_105658_hard/episode_00024.npz: OK
data/incoming/coinrun_teams_v1/original/Team3/session_20260524_105658_hard/episode_00025.npz: OK
data/incoming/coinrun_teams_v1/original/Team3/session_20260524_105658_hard/episode_00026.npz: OK
data/incoming/coinrun_teams_v1/original/Team3/session_20260524_105658_hard/episode_00027.npz: OK
data/incoming/coinrun_teams_v1/original/Team3/session_20260524_105658_hard/episode_00028.npz: OK
data/incoming/coinrun_teams_v1/original/Team3/session_20260524_105658_hard/episode_00029.npz: OK
data/incoming/coinrun_teams_v1/original/Team3/session_20260524_105658_hard/episode_00030.npz: OK
data/incoming/coinrun_teams_v1/original/Team3/session_20260524_105658_hard/episode_00031.npz: OK
data/incoming/coinrun_teams_v1/original/Team3/session_20260524_105658_hard/episode_00032.npz: OK
data/incoming/coinrun_teams_v1/original/Team3/session_20260524_105658_hard/episode_00033.npz: OK
data/incoming/coinrun_teams_v1/original/Team3/session_20260524_105658_hard/episode_00034.npz: OK
data/incoming/coinrun_teams_v1/original/Team3/session_20260524_105658_hard/episode_00035.npz: OK
data/incoming/coinrun_teams_v1/original/Team3/session_20260524_105658_hard/episode_00036.npz: OK
data/incoming/coinrun_teams_v1/original/Team3/session_20260524_105658_hard/episode_00037.npz: OK
data/incoming/coinrun_teams_v1/original/Team3/session_20260524_105658_hard/episode_00038.npz: OK
data/incoming/coinrun_teams_v1/original/Team3/session_20260524_105658_hard/episode_00039.npz: OK
data/incoming/coinrun_teams_v1/original/Team3/session_20260524_105658_hard/episode_00040.npz: OK
data/incoming/coinrun_teams_v1/original/Team3/session_20260524_105658_hard/episode_00041.npz: OK
data/incoming/coinrun_teams_v1/original/Team3/session_20260524_105658_hard/episode_00042.npz: OK
data/incoming/coinrun_teams_v1/original/Team3/session_20260524_105658_hard/episode_00043.npz: OK
data/incoming/coinrun_teams_v1/original/Team3/session_20260524_105658_hard/episode_00044.npz: OK
data/incoming/coinrun_teams_v1/original/Team3/session_20260524_105658_hard/episode_00045.npz: OK
data/incoming/coinrun_teams_v1/original/Team3/session_20260524_105658_hard/episode_00046.npz: OK
data/incoming/coinrun_teams_v1/original/Team3/session_20260524_105658_hard/episode_00047.npz: OK
data/incoming/coinrun_teams_v1/original/Team3/session_20260524_105658_hard/episode_00048.npz: OK
data/incoming/coinrun_teams_v1/original/Team3/session_20260524_105658_hard/episode_00049.npz: OK
data/incoming/coinrun_teams_v1/original/Team3/session_20260524_105658_hard/episode_00050.npz: OK
data/incoming/coinrun_teams_v1/original/Team3/session_20260524_105658_hard/episode_00051.npz: OK
data/incoming/coinrun_teams_v1/original/Team3/session_20260524_105658_hard/episode_00052.npz: OK
data/incoming/coinrun_teams_v1/original/Team3/session_20260524_105658_hard/episode_00053.npz: OK
data/incoming/coinrun_teams_v1/original/Team3/session_20260524_105658_hard/episode_00054.npz: OK
data/incoming/coinrun_teams_v1/original/Team3/session_20260524_105658_hard/episode_00055.npz: OK
data/incoming/coinrun_teams_v1/original/Team3/session_20260524_105658_hard/episode_00056.npz: OK
data/incoming/coinrun_teams_v1/original/Team3/session_20260524_105658_hard/episode_00057.npz: OK
data/incoming/coinrun_teams_v1/original/Team3/session_20260524_105658_hard/episode_00058.npz: OK
data/incoming/coinrun_teams_v1/original/Team3/session_20260524_105658_hard/episode_00059.npz: OK
data/incoming/coinrun_teams_v1/original/Team3/session_20260524_105658_hard/episode_00060.npz: OK
data/incoming/coinrun_teams_v1/original/Team3/session_20260524_105658_hard/episode_00061.npz: OK
data/incoming/coinrun_teams_v1/original/Team3/session_20260524_105658_hard/episode_00062.npz: OK
data/incoming/coinrun_teams_v1/original/Team3/session_20260524_105658_hard/episode_00063.npz: OK
data/incoming/coinrun_teams_v1/original/Team3/session_20260524_105658_hard/episode_00064.npz: OK
data/incoming/coinrun_teams_v1/original/Team3/session_20260524_105658_hard/episode_00065.npz: OK
data/incoming/coinrun_teams_v1/original/Team3/session_20260524_105658_hard/episode_00066.npz: OK
data/incoming/coinrun_teams_v1/original/Team3/session_20260524_105658_hard/episode_00067.npz: OK
data/incoming/coinrun_teams_v1/original/Team3/session_20260524_105658_hard/episode_00068.npz: OK
data/incoming/coinrun_teams_v1/original/Team3/session_20260524_105658_hard/episode_00069.npz: OK
data/incoming/coinrun_teams_v1/original/Team3/session_20260524_105658_hard/episode_00070.npz: OK
data/incoming/coinrun_teams_v1/original/Team3/session_20260524_105658_hard/episode_00071.npz: OK
data/incoming/coinrun_teams_v1/original/Team3/session_20260524_105658_hard/episode_00072.npz: OK
data/incoming/coinrun_teams_v1/original/Team3/session_20260524_105658_hard/episode_00073.npz: OK
data/incoming/coinrun_teams_v1/original/Team3/session_20260524_105658_hard/episode_00074.npz: OK
data/incoming/coinrun_teams_v1/original/Team3/session_20260524_105658_hard/episode_00075.npz: OK
data/incoming/coinrun_teams_v1/original/Team3/session_20260524_105658_hard/episode_00076.npz: OK
data/incoming/coinrun_teams_v1/original/Team3/session_20260524_105658_hard/episode_00077.npz: OK
data/incoming/coinrun_teams_v1/original/Team3/session_20260524_105658_hard/episode_00078.npz: OK
data/incoming/coinrun_teams_v1/original/Team3/session_20260524_105658_hard/episode_00079.npz: OK
data/incoming/coinrun_teams_v1/original/Team3/session_20260524_105658_hard/episode_00080.npz: OK
data/incoming/coinrun_teams_v1/original/Team3/session_20260524_105658_hard/episode_00081.npz: OK
data/incoming/coinrun_teams_v1/original/Team3/session_20260524_105658_hard/episode_00082.npz: OK
data/incoming/coinrun_teams_v1/original/Team3/session_20260524_105658_hard/episode_00083.npz: OK
data/incoming/coinrun_teams_v1/original/Team3/session_20260524_105658_hard/episode_00084.npz: OK
data/incoming/coinrun_teams_v1/original/Team3/session_20260524_105658_hard/episode_00085.npz: OK
data/incoming/coinrun_teams_v1/original/Team3/session_20260524_105658_hard/episode_00086.npz: OK
data/incoming/coinrun_teams_v1/original/Team3/session_20260524_105658_hard/episode_00087.npz: OK
data/incoming/coinrun_teams_v1/original/Team3/session_20260524_105658_hard/episode_00088.npz: OK
data/incoming/coinrun_teams_v1/original/Team3/session_20260524_105658_hard/episode_00089.npz: OK
data/incoming/coinrun_teams_v1/original/Team3/session_20260524_105658_hard/episode_00090.npz: OK
data/incoming/coinrun_teams_v1/original/Team3/session_20260524_105658_hard/episode_00091.npz: OK
data/incoming/coinrun_teams_v1/original/Team3/session_20260524_105658_hard/episode_00092.npz: OK
data/incoming/coinrun_teams_v1/original/Team3/session_20260524_105658_hard/episode_00093.npz: OK
data/incoming/coinrun_teams_v1/original/Team3/session_20260524_105658_hard/episode_00094.npz: OK
data/incoming/coinrun_teams_v1/original/Team3/session_20260524_105658_hard/episode_00095.npz: OK
data/incoming/coinrun_teams_v1/original/Team3/session_20260524_105658_hard/episode_00096.npz: OK
data/incoming/coinrun_teams_v1/original/Team3/session_20260524_105658_hard/episode_00097.npz: OK
data/incoming/coinrun_teams_v1/original/Team3/session_20260524_105658_hard/episode_00098.npz: OK
data/incoming/coinrun_teams_v1/original/Team3/session_20260524_105658_hard/episode_00099.npz: OK
data/incoming/coinrun_teams_v1/original/Team3/session_20260524_105658_hard/episode_00100.npz: OK
data/incoming/coinrun_teams_v1/original/Team3/session_20260524_105658_hard/episode_00101.npz: OK
data/incoming/coinrun_teams_v1/original/Team3/session_20260524_105658_hard/episode_00102.npz: OK
data/incoming/coinrun_teams_v1/original/Team3/session_20260524_105658_hard/episode_00103.npz: OK
data/incoming/coinrun_teams_v1/original/Team3/session_20260524_105658_hard/episode_00104.npz: OK
data/incoming/coinrun_teams_v1/original/Team3/session_20260524_105658_hard/episode_00105.npz: OK
data/incoming/coinrun_teams_v1/original/Team3/session_20260524_105658_hard/session.json: OK
data/incoming/coinrun_teams_v1/original/Team3/session_20260524_112040_easy/episode_00001.npz: OK
data/incoming/coinrun_teams_v1/original/Team3/session_20260524_112040_easy/episode_00002.npz: OK
data/incoming/coinrun_teams_v1/original/Team3/session_20260524_112040_easy/episode_00003.npz: OK
data/incoming/coinrun_teams_v1/original/Team3/session_20260524_112040_easy/episode_00004.npz: OK
data/incoming/coinrun_teams_v1/original/Team3/session_20260524_112040_easy/episode_00005.npz: OK
data/incoming/coinrun_teams_v1/original/Team3/session_20260524_112040_easy/episode_00006.npz: OK
data/incoming/coinrun_teams_v1/original/Team3/session_20260524_112040_easy/episode_00007.npz: OK
data/incoming/coinrun_teams_v1/original/Team3/session_20260524_112040_easy/episode_00008.npz: OK
data/incoming/coinrun_teams_v1/original/Team3/session_20260524_112040_easy/episode_00009.npz: OK
data/incoming/coinrun_teams_v1/original/Team3/session_20260524_112040_easy/episode_00010.npz: OK
data/incoming/coinrun_teams_v1/original/Team3/session_20260524_112040_easy/episode_00011.npz: OK
data/incoming/coinrun_teams_v1/original/Team3/session_20260524_112040_easy/episode_00012.npz: OK
data/incoming/coinrun_teams_v1/original/Team3/session_20260524_112040_easy/episode_00013.npz: OK
data/incoming/coinrun_teams_v1/original/Team3/session_20260524_112040_easy/episode_00014.npz: OK
data/incoming/coinrun_teams_v1/original/Team3/session_20260524_112040_easy/episode_00015.npz: OK
data/incoming/coinrun_teams_v1/original/Team3/session_20260524_112040_easy/episode_00016.npz: OK
data/incoming/coinrun_teams_v1/original/Team3/session_20260524_112040_easy/episode_00017.npz: OK
data/incoming/coinrun_teams_v1/original/Team3/session_20260524_112040_easy/episode_00018.npz: OK
data/incoming/coinrun_teams_v1/original/Team3/session_20260524_112040_easy/episode_00019.npz: OK
data/incoming/coinrun_teams_v1/original/Team3/session_20260524_112040_easy/episode_00020.npz: OK
data/incoming/coinrun_teams_v1/original/Team3/session_20260524_112040_easy/episode_00021.npz: OK
data/incoming/coinrun_teams_v1/original/Team3/session_20260524_112040_easy/episode_00022.npz: OK
data/incoming/coinrun_teams_v1/original/Team3/session_20260524_112040_easy/episode_00023.npz: OK
data/incoming/coinrun_teams_v1/original/Team3/session_20260524_112040_easy/episode_00024.npz: OK
data/incoming/coinrun_teams_v1/original/Team3/session_20260524_112040_easy/episode_00025.npz: OK
data/incoming/coinrun_teams_v1/original/Team3/session_20260524_112040_easy/episode_00026.npz: OK
data/incoming/coinrun_teams_v1/original/Team3/session_20260524_112040_easy/episode_00027.npz: OK
data/incoming/coinrun_teams_v1/original/Team3/session_20260524_112040_easy/episode_00028.npz: OK
data/incoming/coinrun_teams_v1/original/Team3/session_20260524_112040_easy/episode_00029.npz: OK
data/incoming/coinrun_teams_v1/original/Team3/session_20260524_112040_easy/episode_00030.npz: OK
data/incoming/coinrun_teams_v1/original/Team3/session_20260524_112040_easy/episode_00031.npz: OK
data/incoming/coinrun_teams_v1/original/Team3/session_20260524_112040_easy/episode_00032.npz: OK
data/incoming/coinrun_teams_v1/original/Team3/session_20260524_112040_easy/episode_00033.npz: OK
data/incoming/coinrun_teams_v1/original/Team3/session_20260524_112040_easy/episode_00034.npz: OK
data/incoming/coinrun_teams_v1/original/Team3/session_20260524_112040_easy/episode_00035.npz: OK
data/incoming/coinrun_teams_v1/original/Team3/session_20260524_112040_easy/episode_00036.npz: OK
data/incoming/coinrun_teams_v1/original/Team3/session_20260524_112040_easy/episode_00037.npz: OK
data/incoming/coinrun_teams_v1/original/Team3/session_20260524_112040_easy/episode_00038.npz: OK
data/incoming/coinrun_teams_v1/original/Team3/session_20260524_112040_easy/episode_00039.npz: OK
data/incoming/coinrun_teams_v1/original/Team3/session_20260524_112040_easy/episode_00040.npz: OK
data/incoming/coinrun_teams_v1/original/Team3/session_20260524_112040_easy/episode_00041.npz: OK
data/incoming/coinrun_teams_v1/original/Team3/session_20260524_112040_easy/episode_00042.npz: OK
data/incoming/coinrun_teams_v1/original/Team3/session_20260524_112040_easy/episode_00043.npz: OK
data/incoming/coinrun_teams_v1/original/Team3/session_20260524_112040_easy/episode_00044.npz: OK
data/incoming/coinrun_teams_v1/original/Team3/session_20260524_112040_easy/episode_00045.npz: OK
data/incoming/coinrun_teams_v1/original/Team3/session_20260524_112040_easy/episode_00046.npz: OK
data/incoming/coinrun_teams_v1/original/Team3/session_20260524_112040_easy/episode_00047.npz: OK
data/incoming/coinrun_teams_v1/original/Team3/session_20260524_112040_easy/episode_00048.npz: OK
data/incoming/coinrun_teams_v1/original/Team3/session_20260524_112040_easy/episode_00049.npz: OK
data/incoming/coinrun_teams_v1/original/Team3/session_20260524_112040_easy/episode_00050.npz: OK
data/incoming/coinrun_teams_v1/original/Team3/session_20260524_112040_easy/episode_00051.npz: OK
data/incoming/coinrun_teams_v1/original/Team3/session_20260524_112040_easy/episode_00052.npz: OK
data/incoming/coinrun_teams_v1/original/Team3/session_20260524_112040_easy/episode_00053.npz: OK
data/incoming/coinrun_teams_v1/original/Team3/session_20260524_112040_easy/episode_00054.npz: OK
data/incoming/coinrun_teams_v1/original/Team3/session_20260524_112040_easy/episode_00055.npz: OK
data/incoming/coinrun_teams_v1/original/Team3/session_20260524_112040_easy/episode_00056.npz: OK
data/incoming/coinrun_teams_v1/original/Team3/session_20260524_112040_easy/episode_00057.npz: OK
data/incoming/coinrun_teams_v1/original/Team3/session_20260524_112040_easy/episode_00058.npz: OK
data/incoming/coinrun_teams_v1/original/Team3/session_20260524_112040_easy/episode_00059.npz: OK
data/incoming/coinrun_teams_v1/original/Team3/session_20260524_112040_easy/episode_00060.npz: OK
data/incoming/coinrun_teams_v1/original/Team3/session_20260524_112040_easy/episode_00061.npz: OK
data/incoming/coinrun_teams_v1/original/Team3/session_20260524_112040_easy/episode_00062.npz: OK
data/incoming/coinrun_teams_v1/original/Team3/session_20260524_112040_easy/episode_00063.npz: OK
data/incoming/coinrun_teams_v1/original/Team3/session_20260524_112040_easy/episode_00064.npz: OK
data/incoming/coinrun_teams_v1/original/Team3/session_20260524_112040_easy/episode_00065.npz: OK
data/incoming/coinrun_teams_v1/original/Team3/session_20260524_112040_easy/episode_00066.npz: OK
data/incoming/coinrun_teams_v1/original/Team3/session_20260524_112040_easy/episode_00067.npz: OK
data/incoming/coinrun_teams_v1/original/Team3/session_20260524_112040_easy/episode_00068.npz: OK
data/incoming/coinrun_teams_v1/original/Team3/session_20260524_112040_easy/episode_00069.npz: OK
data/incoming/coinrun_teams_v1/original/Team3/session_20260524_112040_easy/episode_00070.npz: OK
data/incoming/coinrun_teams_v1/original/Team3/session_20260524_112040_easy/episode_00071.npz: OK
data/incoming/coinrun_teams_v1/original/Team3/session_20260524_112040_easy/episode_00072.npz: OK
data/incoming/coinrun_teams_v1/original/Team3/session_20260524_112040_easy/episode_00073.npz: OK
data/incoming/coinrun_teams_v1/original/Team3/session_20260524_112040_easy/episode_00074.npz: OK
data/incoming/coinrun_teams_v1/original/Team3/session_20260524_112040_easy/episode_00075.npz: OK
data/incoming/coinrun_teams_v1/original/Team3/session_20260524_112040_easy/episode_00076.npz: OK
data/incoming/coinrun_teams_v1/original/Team3/session_20260524_112040_easy/episode_00077.npz: OK
data/incoming/coinrun_teams_v1/original/Team3/session_20260524_112040_easy/episode_00078.npz: OK
data/incoming/coinrun_teams_v1/original/Team3/session_20260524_112040_easy/episode_00079.npz: OK
data/incoming/coinrun_teams_v1/original/Team3/session_20260524_112040_easy/episode_00080.npz: OK
data/incoming/coinrun_teams_v1/original/Team3/session_20260524_112040_easy/episode_00081.npz: OK
data/incoming/coinrun_teams_v1/original/Team3/session_20260524_112040_easy/episode_00082.npz: OK
data/incoming/coinrun_teams_v1/original/Team3/session_20260524_112040_easy/episode_00083.npz: OK
data/incoming/coinrun_teams_v1/original/Team3/session_20260524_112040_easy/episode_00084.npz: OK
data/incoming/coinrun_teams_v1/original/Team3/session_20260524_112040_easy/episode_00085.npz: OK
data/incoming/coinrun_teams_v1/original/Team3/session_20260524_112040_easy/episode_00086.npz: OK
data/incoming/coinrun_teams_v1/original/Team3/session_20260524_112040_easy/episode_00087.npz: OK
data/incoming/coinrun_teams_v1/original/Team3/session_20260524_112040_easy/episode_00088.npz: OK
data/incoming/coinrun_teams_v1/original/Team3/session_20260524_112040_easy/episode_00089.npz: OK
data/incoming/coinrun_teams_v1/original/Team3/session_20260524_112040_easy/episode_00090.npz: OK
data/incoming/coinrun_teams_v1/original/Team3/session_20260524_112040_easy/episode_00091.npz: OK
data/incoming/coinrun_teams_v1/original/Team3/session_20260524_112040_easy/episode_00092.npz: OK
data/incoming/coinrun_teams_v1/original/Team3/session_20260524_112040_easy/episode_00093.npz: OK
data/incoming/coinrun_teams_v1/original/Team3/session_20260524_112040_easy/episode_00094.npz: OK
data/incoming/coinrun_teams_v1/original/Team3/session_20260524_112040_easy/episode_00095.npz: OK
data/incoming/coinrun_teams_v1/original/Team3/session_20260524_112040_easy/episode_00096.npz: OK
data/incoming/coinrun_teams_v1/original/Team3/session_20260524_112040_easy/episode_00097.npz: OK
data/incoming/coinrun_teams_v1/original/Team3/session_20260524_112040_easy/episode_00098.npz: OK
data/incoming/coinrun_teams_v1/original/Team3/session_20260524_112040_easy/episode_00099.npz: OK
data/incoming/coinrun_teams_v1/original/Team3/session_20260524_112040_easy/episode_00100.npz: OK
data/incoming/coinrun_teams_v1/original/Team3/session_20260524_112040_easy/episode_00101.npz: OK
data/incoming/coinrun_teams_v1/original/Team3/session_20260524_112040_easy/episode_00102.npz: OK
data/incoming/coinrun_teams_v1/original/Team3/session_20260524_112040_easy/episode_00103.npz: OK
data/incoming/coinrun_teams_v1/original/Team3/session_20260524_112040_easy/episode_00104.npz: OK
data/incoming/coinrun_teams_v1/original/Team3/session_20260524_112040_easy/episode_00105.npz: OK
data/incoming/coinrun_teams_v1/original/Team3/session_20260524_112040_easy/episode_00106.npz: OK
data/incoming/coinrun_teams_v1/original/Team3/session_20260524_112040_easy/episode_00107.npz: OK
data/incoming/coinrun_teams_v1/original/Team3/session_20260524_112040_easy/episode_00108.npz: OK
data/incoming/coinrun_teams_v1/original/Team3/session_20260524_112040_easy/episode_00109.npz: OK
data/incoming/coinrun_teams_v1/original/Team3/session_20260524_112040_easy/episode_00110.npz: OK
data/incoming/coinrun_teams_v1/original/Team3/session_20260524_112040_easy/episode_00111.npz: OK
data/incoming/coinrun_teams_v1/original/Team3/session_20260524_112040_easy/episode_00112.npz: OK
data/incoming/coinrun_teams_v1/original/Team3/session_20260524_112040_easy/episode_00113.npz: OK
data/incoming/coinrun_teams_v1/original/Team3/session_20260524_112040_easy/episode_00114.npz: OK
data/incoming/coinrun_teams_v1/original/Team3/session_20260524_112040_easy/episode_00115.npz: OK
data/incoming/coinrun_teams_v1/original/Team3/session_20260524_112040_easy/episode_00116.npz: OK
data/incoming/coinrun_teams_v1/original/Team3/session_20260524_112040_easy/episode_00117.npz: OK
data/incoming/coinrun_teams_v1/original/Team3/session_20260524_112040_easy/episode_00118.npz: OK
data/incoming/coinrun_teams_v1/original/Team3/session_20260524_112040_easy/episode_00119.npz: OK
data/incoming/coinrun_teams_v1/original/Team3/session_20260524_112040_easy/episode_00120.npz: OK
data/incoming/coinrun_teams_v1/original/Team3/session_20260524_112040_easy/episode_00121.npz: OK
data/incoming/coinrun_teams_v1/original/Team3/session_20260524_112040_easy/episode_00122.npz: OK
data/incoming/coinrun_teams_v1/original/Team3/session_20260524_112040_easy/episode_00123.npz: OK
data/incoming/coinrun_teams_v1/original/Team3/session_20260524_112040_easy/episode_00124.npz: OK
data/incoming/coinrun_teams_v1/original/Team3/session_20260524_112040_easy/episode_00125.npz: OK
data/incoming/coinrun_teams_v1/original/Team3/session_20260524_112040_easy/episode_00126.npz: OK
data/incoming/coinrun_teams_v1/original/Team3/session_20260524_112040_easy/episode_00127.npz: OK
data/incoming/coinrun_teams_v1/original/Team3/session_20260524_112040_easy/episode_00128.npz: OK
data/incoming/coinrun_teams_v1/original/Team3/session_20260524_112040_easy/episode_00129.npz: OK
data/incoming/coinrun_teams_v1/original/Team3/session_20260524_112040_easy/session.json: OK
data/incoming/coinrun_teams_v1/original/Team4/session_20260524_123953/episode_00001.npz: OK
data/incoming/coinrun_teams_v1/original/Team4/session_20260524_123953/episode_00002.npz: OK
data/incoming/coinrun_teams_v1/original/Team4/session_20260524_123953/episode_00003.npz: OK
data/incoming/coinrun_teams_v1/original/Team4/session_20260524_123953/episode_00004.npz: OK
data/incoming/coinrun_teams_v1/original/Team4/session_20260524_123953/episode_00005.npz: OK
data/incoming/coinrun_teams_v1/original/Team4/session_20260524_123953/episode_00006.npz: OK
data/incoming/coinrun_teams_v1/original/Team4/session_20260524_123953/episode_00007.npz: OK
data/incoming/coinrun_teams_v1/original/Team4/session_20260524_123953/episode_00008.npz: OK
data/incoming/coinrun_teams_v1/original/Team4/session_20260524_123953/episode_00009.npz: OK
data/incoming/coinrun_teams_v1/original/Team4/session_20260524_123953/episode_00010.npz: OK
data/incoming/coinrun_teams_v1/original/Team4/session_20260524_123953/episode_00011.npz: OK
data/incoming/coinrun_teams_v1/original/Team4/session_20260524_123953/episode_00012.npz: OK
data/incoming/coinrun_teams_v1/original/Team4/session_20260524_123953/episode_00013.npz: OK
data/incoming/coinrun_teams_v1/original/Team4/session_20260524_123953/episode_00014.npz: OK
data/incoming/coinrun_teams_v1/original/Team4/session_20260524_123953/episode_00015.npz: OK
data/incoming/coinrun_teams_v1/original/Team4/session_20260524_123953/episode_00016.npz: OK
data/incoming/coinrun_teams_v1/original/Team4/session_20260524_123953/episode_00017.npz: OK
data/incoming/coinrun_teams_v1/original/Team4/session_20260524_123953/episode_00018.npz: OK
data/incoming/coinrun_teams_v1/original/Team4/session_20260524_123953/episode_00019.npz: OK
data/incoming/coinrun_teams_v1/original/Team4/session_20260524_123953/episode_00020.npz: OK
data/incoming/coinrun_teams_v1/original/Team4/session_20260524_123953/episode_00021.npz: OK
data/incoming/coinrun_teams_v1/original/Team4/session_20260524_123953/episode_00022.npz: OK
data/incoming/coinrun_teams_v1/original/Team4/session_20260524_123953/episode_00023.npz: OK
data/incoming/coinrun_teams_v1/original/Team4/session_20260524_123953/episode_00024.npz: OK
data/incoming/coinrun_teams_v1/original/Team4/session_20260524_123953/episode_00025.npz: OK
data/incoming/coinrun_teams_v1/original/Team4/session_20260524_123953/episode_00026.npz: OK
data/incoming/coinrun_teams_v1/original/Team4/session_20260524_123953/episode_00027.npz: OK
data/incoming/coinrun_teams_v1/original/Team4/session_20260524_123953/episode_00028.npz: OK
data/incoming/coinrun_teams_v1/original/Team4/session_20260524_123953/episode_00029.npz: OK
data/incoming/coinrun_teams_v1/original/Team4/session_20260524_123953/episode_00030.npz: OK
data/incoming/coinrun_teams_v1/original/Team4/session_20260524_123953/episode_00031.npz: OK
data/incoming/coinrun_teams_v1/original/Team4/session_20260524_123953/episode_00032.npz: OK
data/incoming/coinrun_teams_v1/original/Team4/session_20260524_123953/episode_00033.npz: OK
data/incoming/coinrun_teams_v1/original/Team4/session_20260524_123953/episode_00034.npz: OK
data/incoming/coinrun_teams_v1/original/Team4/session_20260524_123953/episode_00035.npz: OK
data/incoming/coinrun_teams_v1/original/Team4/session_20260524_123953/episode_00036.npz: OK
data/incoming/coinrun_teams_v1/original/Team4/session_20260524_123953/episode_00037.npz: OK
data/incoming/coinrun_teams_v1/original/Team4/session_20260524_123953/episode_00038.npz: OK
data/incoming/coinrun_teams_v1/original/Team4/session_20260524_123953/episode_00039.npz: OK
data/incoming/coinrun_teams_v1/original/Team4/session_20260524_123953/episode_00040.npz: OK
data/incoming/coinrun_teams_v1/original/Team4/session_20260524_123953/episode_00041.npz: OK
data/incoming/coinrun_teams_v1/original/Team4/session_20260524_123953/episode_00042.npz: OK
data/incoming/coinrun_teams_v1/original/Team4/session_20260524_123953/episode_00043.npz: OK
data/incoming/coinrun_teams_v1/original/Team4/session_20260524_123953/episode_00044.npz: OK
data/incoming/coinrun_teams_v1/original/Team4/session_20260524_123953/episode_00045.npz: OK
data/incoming/coinrun_teams_v1/original/Team4/session_20260524_123953/episode_00046.npz: OK
data/incoming/coinrun_teams_v1/original/Team4/session_20260524_123953/episode_00047.npz: OK
data/incoming/coinrun_teams_v1/original/Team4/session_20260524_123953/episode_00048.npz: OK
data/incoming/coinrun_teams_v1/original/Team4/session_20260524_123953/episode_00049.npz: OK
data/incoming/coinrun_teams_v1/original/Team4/session_20260524_123953/episode_00050.npz: OK
data/incoming/coinrun_teams_v1/original/Team4/session_20260524_123953/episode_00051.npz: OK
data/incoming/coinrun_teams_v1/original/Team4/session_20260524_123953/episode_00052.npz: OK
data/incoming/coinrun_teams_v1/original/Team4/session_20260524_123953/episode_00053.npz: OK
data/incoming/coinrun_teams_v1/original/Team4/session_20260524_123953/episode_00054.npz: OK
data/incoming/coinrun_teams_v1/original/Team4/session_20260524_123953/episode_00055.npz: OK
data/incoming/coinrun_teams_v1/original/Team4/session_20260524_123953/episode_00056.npz: OK
data/incoming/coinrun_teams_v1/original/Team4/session_20260524_123953/episode_00057.npz: OK
data/incoming/coinrun_teams_v1/original/Team4/session_20260524_123953/episode_00058.npz: OK
data/incoming/coinrun_teams_v1/original/Team4/session_20260524_123953/episode_00059.npz: OK
data/incoming/coinrun_teams_v1/original/Team4/session_20260524_123953/episode_00060.npz: OK
data/incoming/coinrun_teams_v1/original/Team4/session_20260524_123953/episode_00061.npz: OK
data/incoming/coinrun_teams_v1/original/Team4/session_20260524_123953/episode_00062.npz: OK
data/incoming/coinrun_teams_v1/original/Team4/session_20260524_123953/episode_00063.npz: OK
data/incoming/coinrun_teams_v1/original/Team4/session_20260524_123953/episode_00064.npz: OK
data/incoming/coinrun_teams_v1/original/Team4/session_20260524_123953/episode_00065.npz: OK
data/incoming/coinrun_teams_v1/original/Team4/session_20260524_123953/episode_00066.npz: OK
data/incoming/coinrun_teams_v1/original/Team4/session_20260524_123953/episode_00067.npz: OK
data/incoming/coinrun_teams_v1/original/Team4/session_20260524_123953/episode_00068.npz: OK
data/incoming/coinrun_teams_v1/original/Team4/session_20260524_123953/episode_00069.npz: OK
data/incoming/coinrun_teams_v1/original/Team4/session_20260524_123953/episode_00070.npz: OK
data/incoming/coinrun_teams_v1/original/Team4/session_20260524_123953/episode_00071.npz: OK
data/incoming/coinrun_teams_v1/original/Team4/session_20260524_123953/episode_00072.npz: OK
data/incoming/coinrun_teams_v1/original/Team4/session_20260524_123953/episode_00073.npz: OK
data/incoming/coinrun_teams_v1/original/Team4/session_20260524_123953/episode_00074.npz: OK
data/incoming/coinrun_teams_v1/original/Team4/session_20260524_123953/episode_00075.npz: OK
data/incoming/coinrun_teams_v1/original/Team4/session_20260524_123953/episode_00076.npz: OK
data/incoming/coinrun_teams_v1/original/Team4/session_20260524_123953/episode_00077.npz: OK
data/incoming/coinrun_teams_v1/original/Team4/session_20260524_123953/episode_00078.npz: OK
data/incoming/coinrun_teams_v1/original/Team4/session_20260524_123953/episode_00079.npz: OK
data/incoming/coinrun_teams_v1/original/Team4/session_20260524_123953/episode_00080.npz: OK
data/incoming/coinrun_teams_v1/original/Team4/session_20260524_123953/episode_00081.npz: OK
data/incoming/coinrun_teams_v1/original/Team4/session_20260524_123953/episode_00082.npz: OK
data/incoming/coinrun_teams_v1/original/Team4/session_20260524_123953/episode_00083.npz: OK
data/incoming/coinrun_teams_v1/original/Team4/session_20260524_123953/episode_00084.npz: OK
data/incoming/coinrun_teams_v1/original/Team4/session_20260524_123953/episode_00085.npz: OK
data/incoming/coinrun_teams_v1/original/Team4/session_20260524_123953/episode_00086.npz: OK
data/incoming/coinrun_teams_v1/original/Team4/session_20260524_123953/episode_00087.npz: OK
data/incoming/coinrun_teams_v1/original/Team4/session_20260524_123953/episode_00088.npz: OK
data/incoming/coinrun_teams_v1/original/Team4/session_20260524_123953/episode_00089.npz: OK
data/incoming/coinrun_teams_v1/original/Team4/session_20260524_123953/episode_00090.npz: OK
data/incoming/coinrun_teams_v1/original/Team4/session_20260524_123953/episode_00091.npz: OK
data/incoming/coinrun_teams_v1/original/Team4/session_20260524_123953/episode_00092.npz: OK
data/incoming/coinrun_teams_v1/original/Team4/session_20260524_123953/episode_00093.npz: OK
data/incoming/coinrun_teams_v1/original/Team4/session_20260524_123953/episode_00094.npz: OK
data/incoming/coinrun_teams_v1/original/Team4/session_20260524_123953/episode_00095.npz: OK
data/incoming/coinrun_teams_v1/original/Team4/session_20260524_123953/episode_00096.npz: OK
data/incoming/coinrun_teams_v1/original/Team4/session_20260524_123953/episode_00097.npz: OK
data/incoming/coinrun_teams_v1/original/Team4/session_20260524_123953/episode_00098.npz: OK
data/incoming/coinrun_teams_v1/original/Team4/session_20260524_123953/episode_00099.npz: OK
data/incoming/coinrun_teams_v1/original/Team4/session_20260524_123953/episode_00100.npz: OK
data/incoming/coinrun_teams_v1/original/Team4/session_20260524_123953/episode_00101.npz: OK
data/incoming/coinrun_teams_v1/original/Team4/session_20260524_123953/episode_00102.npz: OK
data/incoming/coinrun_teams_v1/original/Team4/session_20260524_123953/episode_00103.npz: OK
data/incoming/coinrun_teams_v1/original/Team4/session_20260524_123953/episode_00104.npz: OK
data/incoming/coinrun_teams_v1/original/Team4/session_20260524_123953/episode_00105.npz: OK
data/incoming/coinrun_teams_v1/original/Team4/session_20260524_123953/episode_00106.npz: OK
data/incoming/coinrun_teams_v1/original/Team4/session_20260524_123953/episode_00107.npz: OK
data/incoming/coinrun_teams_v1/original/Team4/session_20260524_123953/episode_00108.npz: OK
data/incoming/coinrun_teams_v1/original/Team4/session_20260524_123953/episode_00109.npz: OK
data/incoming/coinrun_teams_v1/original/Team4/session_20260524_123953/episode_00110.npz: OK
data/incoming/coinrun_teams_v1/original/Team4/session_20260524_123953/episode_00111.npz: OK
data/incoming/coinrun_teams_v1/original/Team4/session_20260524_123953/episode_00112.npz: OK
data/incoming/coinrun_teams_v1/original/Team4/session_20260524_123953/episode_00113.npz: OK
data/incoming/coinrun_teams_v1/original/Team4/session_20260524_123953/episode_00114.npz: OK
data/incoming/coinrun_teams_v1/original/Team4/session_20260524_123953/episode_00115.npz: OK
data/incoming/coinrun_teams_v1/original/Team4/session_20260524_123953/episode_00116.npz: OK
data/incoming/coinrun_teams_v1/original/Team4/session_20260524_123953/episode_00117.npz: OK
data/incoming/coinrun_teams_v1/original/Team4/session_20260524_123953/episode_00118.npz: OK
data/incoming/coinrun_teams_v1/original/Team4/session_20260524_123953/episode_00119.npz: OK
data/incoming/coinrun_teams_v1/original/Team4/session_20260524_123953/episode_00120.npz: OK
data/incoming/coinrun_teams_v1/original/Team4/session_20260524_123953/episode_00121.npz: OK
data/incoming/coinrun_teams_v1/original/Team4/session_20260524_123953/episode_00122.npz: OK
data/incoming/coinrun_teams_v1/original/Team4/session_20260524_123953/episode_00123.npz: OK
data/incoming/coinrun_teams_v1/original/Team4/session_20260524_123953/episode_00124.npz: OK
data/incoming/coinrun_teams_v1/original/Team4/session_20260524_123953/episode_00125.npz: OK
data/incoming/coinrun_teams_v1/original/Team4/session_20260524_123953/episode_00126.npz: OK
data/incoming/coinrun_teams_v1/original/Team4/session_20260524_123953/episode_00127.npz: OK
data/incoming/coinrun_teams_v1/original/Team4/session_20260524_123953/episode_00128.npz: OK
data/incoming/coinrun_teams_v1/original/Team4/session_20260524_123953/episode_00129.npz: OK
data/incoming/coinrun_teams_v1/original/Team4/session_20260524_123953/episode_00130.npz: OK
data/incoming/coinrun_teams_v1/original/Team4/session_20260524_123953/episode_00131.npz: OK
data/incoming/coinrun_teams_v1/original/Team4/session_20260524_123953/episode_00132.npz: OK
data/incoming/coinrun_teams_v1/original/Team4/session_20260524_123953/episode_00133.npz: OK
data/incoming/coinrun_teams_v1/original/Team4/session_20260524_123953/episode_00134.npz: OK
data/incoming/coinrun_teams_v1/original/Team4/session_20260524_123953/episode_00135.npz: OK
data/incoming/coinrun_teams_v1/original/Team4/session_20260524_123953/episode_00136.npz: OK
data/incoming/coinrun_teams_v1/original/Team4/session_20260524_123953/episode_00137.npz: OK
data/incoming/coinrun_teams_v1/original/Team4/session_20260524_123953/episode_00138.npz: OK
data/incoming/coinrun_teams_v1/original/Team4/session_20260524_123953/episode_00139.npz: OK
data/incoming/coinrun_teams_v1/original/Team4/session_20260524_123953/episode_00140.npz: OK
data/incoming/coinrun_teams_v1/original/Team4/session_20260524_123953/episode_00141.npz: OK
data/incoming/coinrun_teams_v1/original/Team4/session_20260524_123953/episode_00142.npz: OK
data/incoming/coinrun_teams_v1/original/Team4/session_20260524_123953/episode_00143.npz: OK
data/incoming/coinrun_teams_v1/original/Team4/session_20260524_123953/episode_00144.npz: OK
data/incoming/coinrun_teams_v1/original/Team4/session_20260524_123953/episode_00145.npz: OK
data/incoming/coinrun_teams_v1/original/Team4/session_20260524_123953/episode_00146.npz: OK
data/incoming/coinrun_teams_v1/original/Team4/session_20260524_123953/episode_00147.npz: OK
data/incoming/coinrun_teams_v1/original/Team4/session_20260524_123953/episode_00148.npz: OK
data/incoming/coinrun_teams_v1/original/Team4/session_20260524_123953/episode_00149.npz: OK
data/incoming/coinrun_teams_v1/original/Team4/session_20260524_123953/episode_00150.npz: OK
data/incoming/coinrun_teams_v1/original/Team4/session_20260524_123953/episode_00151.npz: OK
data/incoming/coinrun_teams_v1/original/Team4/session_20260524_123953/episode_00152.npz: OK
data/incoming/coinrun_teams_v1/original/Team4/session_20260524_123953/episode_00153.npz: OK
data/incoming/coinrun_teams_v1/original/Team4/session_20260524_123953/episode_00154.npz: OK
data/incoming/coinrun_teams_v1/original/Team4/session_20260524_123953/episode_00155.npz: OK
data/incoming/coinrun_teams_v1/original/Team4/session_20260524_123953/episode_00156.npz: OK
data/incoming/coinrun_teams_v1/original/Team4/session_20260524_123953/episode_00157.npz: OK
data/incoming/coinrun_teams_v1/original/Team4/session_20260524_123953/episode_00158.npz: OK
data/incoming/coinrun_teams_v1/original/Team4/session_20260524_123953/episode_00159.npz: OK
data/incoming/coinrun_teams_v1/original/Team4/session_20260524_123953/episode_00160.npz: OK
data/incoming/coinrun_teams_v1/original/Team4/session_20260524_123953/episode_00161.npz: OK
data/incoming/coinrun_teams_v1/original/Team4/session_20260524_123953/episode_00162.npz: OK
data/incoming/coinrun_teams_v1/original/Team4/session_20260524_123953/episode_00163.npz: OK
data/incoming/coinrun_teams_v1/original/Team4/session_20260524_123953/episode_00164.npz: OK
data/incoming/coinrun_teams_v1/original/Team4/session_20260524_123953/episode_00165.npz: OK
data/incoming/coinrun_teams_v1/original/Team4/session_20260524_123953/episode_00166.npz: OK
data/incoming/coinrun_teams_v1/original/Team4/session_20260524_123953/episode_00167.npz: OK
data/incoming/coinrun_teams_v1/original/Team4/session_20260524_123953/episode_00168.npz: OK
data/incoming/coinrun_teams_v1/original/Team4/session_20260524_123953/episode_00169.npz: OK
data/incoming/coinrun_teams_v1/original/Team4/session_20260524_123953/episode_00170.npz: OK
data/incoming/coinrun_teams_v1/original/Team4/session_20260524_123953/episode_00171.npz: OK
data/incoming/coinrun_teams_v1/original/Team4/session_20260524_123953/episode_00172.npz: OK
data/incoming/coinrun_teams_v1/original/Team4/session_20260524_123953/episode_00173.npz: OK
data/incoming/coinrun_teams_v1/original/Team4/session_20260524_123953/episode_00174.npz: OK
data/incoming/coinrun_teams_v1/original/Team4/session_20260524_123953/episode_00175.npz: OK
data/incoming/coinrun_teams_v1/original/Team4/session_20260524_123953/episode_00176.npz: OK
data/incoming/coinrun_teams_v1/original/Team4/session_20260524_123953/episode_00177.npz: OK
data/incoming/coinrun_teams_v1/original/Team4/session_20260524_123953/episode_00178.npz: OK
data/incoming/coinrun_teams_v1/original/Team4/session_20260524_123953/episode_00179.npz: OK
data/incoming/coinrun_teams_v1/original/Team4/session_20260524_123953/episode_00180.npz: OK
data/incoming/coinrun_teams_v1/original/Team4/session_20260524_123953/episode_00181.npz: OK
data/incoming/coinrun_teams_v1/original/Team4/session_20260524_123953/episode_00182.npz: OK
data/incoming/coinrun_teams_v1/original/Team4/session_20260524_123953/episode_00183.npz: OK
data/incoming/coinrun_teams_v1/original/Team4/session_20260524_123953/session.json: OK
data/incoming/coinrun_teams_v1/original/Team4/session_20260524_130056/episode_00001.npz: OK
data/incoming/coinrun_teams_v1/original/Team4/session_20260524_130056/episode_00002.npz: OK
data/incoming/coinrun_teams_v1/original/Team4/session_20260524_130056/episode_00003.npz: OK
data/incoming/coinrun_teams_v1/original/Team4/session_20260524_130056/episode_00004.npz: OK
data/incoming/coinrun_teams_v1/original/Team4/session_20260524_130056/episode_00005.npz: OK
data/incoming/coinrun_teams_v1/original/Team4/session_20260524_130056/episode_00006.npz: OK
data/incoming/coinrun_teams_v1/original/Team4/session_20260524_130056/episode_00007.npz: OK
data/incoming/coinrun_teams_v1/original/Team4/session_20260524_130056/episode_00008.npz: OK
data/incoming/coinrun_teams_v1/original/Team4/session_20260524_130056/episode_00009.npz: OK
data/incoming/coinrun_teams_v1/original/Team4/session_20260524_130056/episode_00010.npz: OK
data/incoming/coinrun_teams_v1/original/Team4/session_20260524_130056/episode_00011.npz: OK
data/incoming/coinrun_teams_v1/original/Team4/session_20260524_130056/episode_00012.npz: OK
data/incoming/coinrun_teams_v1/original/Team4/session_20260524_130056/episode_00013.npz: OK
data/incoming/coinrun_teams_v1/original/Team4/session_20260524_130056/episode_00014.npz: OK
data/incoming/coinrun_teams_v1/original/Team4/session_20260524_130056/episode_00015.npz: OK
data/incoming/coinrun_teams_v1/original/Team4/session_20260524_130056/episode_00016.npz: OK
data/incoming/coinrun_teams_v1/original/Team4/session_20260524_130056/episode_00017.npz: OK
data/incoming/coinrun_teams_v1/original/Team4/session_20260524_130056/episode_00018.npz: OK
data/incoming/coinrun_teams_v1/original/Team4/session_20260524_130056/episode_00019.npz: OK
data/incoming/coinrun_teams_v1/original/Team4/session_20260524_130056/episode_00020.npz: OK
data/incoming/coinrun_teams_v1/original/Team4/session_20260524_130056/episode_00021.npz: OK
data/incoming/coinrun_teams_v1/original/Team4/session_20260524_130056/episode_00022.npz: OK
data/incoming/coinrun_teams_v1/original/Team4/session_20260524_130056/episode_00023.npz: OK
data/incoming/coinrun_teams_v1/original/Team4/session_20260524_130056/episode_00024.npz: OK
data/incoming/coinrun_teams_v1/original/Team4/session_20260524_130056/episode_00025.npz: OK
data/incoming/coinrun_teams_v1/original/Team4/session_20260524_130056/episode_00026.npz: OK
data/incoming/coinrun_teams_v1/original/Team4/session_20260524_130056/episode_00027.npz: OK
data/incoming/coinrun_teams_v1/original/Team4/session_20260524_130056/episode_00028.npz: OK
data/incoming/coinrun_teams_v1/original/Team4/session_20260524_130056/episode_00029.npz: OK
data/incoming/coinrun_teams_v1/original/Team4/session_20260524_130056/episode_00030.npz: OK
data/incoming/coinrun_teams_v1/original/Team4/session_20260524_130056/episode_00031.npz: OK
data/incoming/coinrun_teams_v1/original/Team4/session_20260524_130056/episode_00032.npz: OK
data/incoming/coinrun_teams_v1/original/Team4/session_20260524_130056/episode_00033.npz: OK
data/incoming/coinrun_teams_v1/original/Team4/session_20260524_130056/episode_00034.npz: OK
data/incoming/coinrun_teams_v1/original/Team4/session_20260524_130056/episode_00035.npz: OK
data/incoming/coinrun_teams_v1/original/Team4/session_20260524_130056/episode_00036.npz: OK
data/incoming/coinrun_teams_v1/original/Team4/session_20260524_130056/episode_00037.npz: OK
data/incoming/coinrun_teams_v1/original/Team4/session_20260524_130056/episode_00038.npz: OK
data/incoming/coinrun_teams_v1/original/Team4/session_20260524_130056/episode_00039.npz: OK
data/incoming/coinrun_teams_v1/original/Team4/session_20260524_130056/episode_00040.npz: OK
data/incoming/coinrun_teams_v1/original/Team4/session_20260524_130056/episode_00041.npz: OK
data/incoming/coinrun_teams_v1/original/Team4/session_20260524_130056/episode_00042.npz: OK
data/incoming/coinrun_teams_v1/original/Team4/session_20260524_130056/episode_00043.npz: OK
data/incoming/coinrun_teams_v1/original/Team4/session_20260524_130056/episode_00044.npz: OK
data/incoming/coinrun_teams_v1/original/Team4/session_20260524_130056/episode_00045.npz: OK
data/incoming/coinrun_teams_v1/original/Team4/session_20260524_130056/episode_00046.npz: OK
data/incoming/coinrun_teams_v1/original/Team4/session_20260524_130056/episode_00047.npz: OK
data/incoming/coinrun_teams_v1/original/Team4/session_20260524_130056/episode_00048.npz: OK
data/incoming/coinrun_teams_v1/original/Team4/session_20260524_130056/episode_00049.npz: OK
data/incoming/coinrun_teams_v1/original/Team4/session_20260524_130056/episode_00050.npz: OK
data/incoming/coinrun_teams_v1/original/Team4/session_20260524_130056/episode_00051.npz: OK
data/incoming/coinrun_teams_v1/original/Team4/session_20260524_130056/episode_00052.npz: OK
data/incoming/coinrun_teams_v1/original/Team4/session_20260524_130056/episode_00053.npz: OK
data/incoming/coinrun_teams_v1/original/Team4/session_20260524_130056/episode_00054.npz: OK
data/incoming/coinrun_teams_v1/original/Team4/session_20260524_130056/episode_00055.npz: OK
data/incoming/coinrun_teams_v1/original/Team4/session_20260524_130056/episode_00056.npz: OK
data/incoming/coinrun_teams_v1/original/Team4/session_20260524_130056/episode_00057.npz: OK
data/incoming/coinrun_teams_v1/original/Team4/session_20260524_130056/episode_00058.npz: OK
data/incoming/coinrun_teams_v1/original/Team4/session_20260524_130056/episode_00059.npz: OK
data/incoming/coinrun_teams_v1/original/Team4/session_20260524_130056/episode_00060.npz: OK
data/incoming/coinrun_teams_v1/original/Team4/session_20260524_130056/episode_00061.npz: OK
data/incoming/coinrun_teams_v1/original/Team4/session_20260524_130056/episode_00062.npz: OK
data/incoming/coinrun_teams_v1/original/Team4/session_20260524_130056/episode_00063.npz: OK
data/incoming/coinrun_teams_v1/original/Team4/session_20260524_130056/episode_00064.npz: OK
data/incoming/coinrun_teams_v1/original/Team4/session_20260524_130056/episode_00065.npz: OK
data/incoming/coinrun_teams_v1/original/Team4/session_20260524_130056/episode_00066.npz: OK
data/incoming/coinrun_teams_v1/original/Team4/session_20260524_130056/episode_00067.npz: OK
data/incoming/coinrun_teams_v1/original/Team4/session_20260524_130056/episode_00068.npz: OK
data/incoming/coinrun_teams_v1/original/Team4/session_20260524_130056/episode_00069.npz: OK
data/incoming/coinrun_teams_v1/original/Team4/session_20260524_130056/episode_00070.npz: OK
data/incoming/coinrun_teams_v1/original/Team4/session_20260524_130056/episode_00071.npz: OK
data/incoming/coinrun_teams_v1/original/Team4/session_20260524_130056/episode_00072.npz: OK
data/incoming/coinrun_teams_v1/original/Team4/session_20260524_130056/episode_00073.npz: OK
data/incoming/coinrun_teams_v1/original/Team4/session_20260524_130056/episode_00074.npz: OK
data/incoming/coinrun_teams_v1/original/Team4/session_20260524_130056/episode_00075.npz: OK
data/incoming/coinrun_teams_v1/original/Team4/session_20260524_130056/episode_00076.npz: OK
data/incoming/coinrun_teams_v1/original/Team4/session_20260524_130056/episode_00077.npz: OK
data/incoming/coinrun_teams_v1/original/Team4/session_20260524_130056/episode_00078.npz: OK
data/incoming/coinrun_teams_v1/original/Team4/session_20260524_130056/episode_00079.npz: OK
data/incoming/coinrun_teams_v1/original/Team4/session_20260524_130056/episode_00080.npz: OK
data/incoming/coinrun_teams_v1/original/Team4/session_20260524_130056/episode_00081.npz: OK
data/incoming/coinrun_teams_v1/original/Team4/session_20260524_130056/episode_00082.npz: OK
data/incoming/coinrun_teams_v1/original/Team4/session_20260524_130056/episode_00083.npz: OK
data/incoming/coinrun_teams_v1/original/Team4/session_20260524_130056/episode_00084.npz: OK
data/incoming/coinrun_teams_v1/original/Team4/session_20260524_130056/episode_00085.npz: OK
data/incoming/coinrun_teams_v1/original/Team4/session_20260524_130056/episode_00086.npz: OK
data/incoming/coinrun_teams_v1/original/Team4/session_20260524_130056/episode_00087.npz: OK
data/incoming/coinrun_teams_v1/original/Team4/session_20260524_130056/episode_00088.npz: OK
data/incoming/coinrun_teams_v1/original/Team4/session_20260524_130056/episode_00089.npz: OK
data/incoming/coinrun_teams_v1/original/Team4/session_20260524_130056/episode_00090.npz: OK
data/incoming/coinrun_teams_v1/original/Team4/session_20260524_130056/episode_00091.npz: OK
data/incoming/coinrun_teams_v1/original/Team4/session_20260524_130056/episode_00092.npz: OK
data/incoming/coinrun_teams_v1/original/Team4/session_20260524_130056/episode_00093.npz: OK
data/incoming/coinrun_teams_v1/original/Team4/session_20260524_130056/episode_00094.npz: OK
data/incoming/coinrun_teams_v1/original/Team4/session_20260524_130056/episode_00095.npz: OK
data/incoming/coinrun_teams_v1/original/Team4/session_20260524_130056/episode_00096.npz: OK
data/incoming/coinrun_teams_v1/original/Team4/session_20260524_130056/episode_00097.npz: OK
data/incoming/coinrun_teams_v1/original/Team4/session_20260524_130056/episode_00098.npz: OK
data/incoming/coinrun_teams_v1/original/Team4/session_20260524_130056/episode_00099.npz: OK
data/incoming/coinrun_teams_v1/original/Team4/session_20260524_130056/episode_00100.npz: OK
data/incoming/coinrun_teams_v1/original/Team4/session_20260524_130056/episode_00101.npz: OK
data/incoming/coinrun_teams_v1/original/Team4/session_20260524_130056/episode_00102.npz: OK
data/incoming/coinrun_teams_v1/original/Team4/session_20260524_130056/episode_00103.npz: OK
data/incoming/coinrun_teams_v1/original/Team4/session_20260524_130056/episode_00104.npz: OK
data/incoming/coinrun_teams_v1/original/Team4/session_20260524_130056/episode_00105.npz: OK
data/incoming/coinrun_teams_v1/original/Team4/session_20260524_130056/episode_00106.npz: OK
data/incoming/coinrun_teams_v1/original/Team4/session_20260524_130056/episode_00107.npz: OK
data/incoming/coinrun_teams_v1/original/Team4/session_20260524_130056/episode_00108.npz: OK
data/incoming/coinrun_teams_v1/original/Team4/session_20260524_130056/episode_00109.npz: OK
data/incoming/coinrun_teams_v1/original/Team4/session_20260524_130056/episode_00110.npz: OK
data/incoming/coinrun_teams_v1/original/Team4/session_20260524_130056/episode_00111.npz: OK
data/incoming/coinrun_teams_v1/original/Team4/session_20260524_130056/episode_00112.npz: OK
data/incoming/coinrun_teams_v1/original/Team4/session_20260524_130056/episode_00113.npz: OK
data/incoming/coinrun_teams_v1/original/Team4/session_20260524_130056/episode_00114.npz: OK
data/incoming/coinrun_teams_v1/original/Team4/session_20260524_130056/episode_00115.npz: OK
data/incoming/coinrun_teams_v1/original/Team4/session_20260524_130056/episode_00116.npz: OK
data/incoming/coinrun_teams_v1/original/Team4/session_20260524_130056/episode_00117.npz: OK
data/incoming/coinrun_teams_v1/original/Team4/session_20260524_130056/episode_00118.npz: OK
data/incoming/coinrun_teams_v1/original/Team4/session_20260524_130056/episode_00119.npz: OK
data/incoming/coinrun_teams_v1/original/Team4/session_20260524_130056/episode_00120.npz: OK
data/incoming/coinrun_teams_v1/original/Team4/session_20260524_130056/episode_00121.npz: OK
data/incoming/coinrun_teams_v1/original/Team4/session_20260524_130056/episode_00122.npz: OK
data/incoming/coinrun_teams_v1/original/Team4/session_20260524_130056/episode_00123.npz: OK
data/incoming/coinrun_teams_v1/original/Team4/session_20260524_130056/episode_00124.npz: OK
data/incoming/coinrun_teams_v1/original/Team4/session_20260524_130056/episode_00125.npz: OK
data/incoming/coinrun_teams_v1/original/Team4/session_20260524_130056/episode_00126.npz: OK
data/incoming/coinrun_teams_v1/original/Team4/session_20260524_130056/episode_00127.npz: OK
data/incoming/coinrun_teams_v1/original/Team4/session_20260524_130056/episode_00128.npz: OK
data/incoming/coinrun_teams_v1/original/Team4/session_20260524_130056/episode_00129.npz: OK
data/incoming/coinrun_teams_v1/original/Team4/session_20260524_130056/episode_00130.npz: OK
data/incoming/coinrun_teams_v1/original/Team4/session_20260524_130056/episode_00131.npz: OK
data/incoming/coinrun_teams_v1/original/Team4/session_20260524_130056/episode_00132.npz: OK
data/incoming/coinrun_teams_v1/original/Team4/session_20260524_130056/episode_00133.npz: OK
data/incoming/coinrun_teams_v1/original/Team4/session_20260524_130056/episode_00134.npz: OK
data/incoming/coinrun_teams_v1/original/Team4/session_20260524_130056/episode_00135.npz: OK
data/incoming/coinrun_teams_v1/original/Team4/session_20260524_130056/episode_00136.npz: OK
data/incoming/coinrun_teams_v1/original/Team4/session_20260524_130056/episode_00137.npz: OK
data/incoming/coinrun_teams_v1/original/Team4/session_20260524_130056/episode_00138.npz: OK
data/incoming/coinrun_teams_v1/original/Team4/session_20260524_130056/episode_00139.npz: OK
data/incoming/coinrun_teams_v1/original/Team4/session_20260524_130056/episode_00140.npz: OK
data/incoming/coinrun_teams_v1/original/Team4/session_20260524_130056/episode_00141.npz: OK
data/incoming/coinrun_teams_v1/original/Team4/session_20260524_130056/episode_00142.npz: OK
data/incoming/coinrun_teams_v1/original/Team4/session_20260524_130056/episode_00143.npz: OK
data/incoming/coinrun_teams_v1/original/Team4/session_20260524_130056/episode_00144.npz: OK
data/incoming/coinrun_teams_v1/original/Team4/session_20260524_130056/episode_00145.npz: OK
data/incoming/coinrun_teams_v1/original/Team4/session_20260524_130056/episode_00146.npz: OK
data/incoming/coinrun_teams_v1/original/Team4/session_20260524_130056/episode_00147.npz: OK
data/incoming/coinrun_teams_v1/original/Team4/session_20260524_130056/episode_00148.npz: OK
data/incoming/coinrun_teams_v1/original/Team4/session_20260524_130056/episode_00149.npz: OK
data/incoming/coinrun_teams_v1/original/Team4/session_20260524_130056/episode_00150.npz: OK
data/incoming/coinrun_teams_v1/original/Team4/session_20260524_130056/episode_00151.npz: OK
data/incoming/coinrun_teams_v1/original/Team4/session_20260524_130056/episode_00152.npz: OK
data/incoming/coinrun_teams_v1/original/Team4/session_20260524_130056/episode_00153.npz: OK
data/incoming/coinrun_teams_v1/original/Team4/session_20260524_130056/episode_00154.npz: OK
data/incoming/coinrun_teams_v1/original/Team4/session_20260524_130056/episode_00155.npz: OK
data/incoming/coinrun_teams_v1/original/Team4/session_20260524_130056/episode_00156.npz: OK
data/incoming/coinrun_teams_v1/original/Team4/session_20260524_130056/episode_00157.npz: OK
data/incoming/coinrun_teams_v1/original/Team4/session_20260524_130056/episode_00158.npz: OK
data/incoming/coinrun_teams_v1/original/Team4/session_20260524_130056/episode_00159.npz: OK
data/incoming/coinrun_teams_v1/original/Team4/session_20260524_130056/episode_00160.npz: OK
data/incoming/coinrun_teams_v1/original/Team4/session_20260524_130056/episode_00161.npz: OK
data/incoming/coinrun_teams_v1/original/Team4/session_20260524_130056/episode_00162.npz: OK
data/incoming/coinrun_teams_v1/original/Team4/session_20260524_130056/episode_00163.npz: OK
data/incoming/coinrun_teams_v1/original/Team4/session_20260524_130056/episode_00164.npz: OK
data/incoming/coinrun_teams_v1/original/Team4/session_20260524_130056/episode_00165.npz: OK
data/incoming/coinrun_teams_v1/original/Team4/session_20260524_130056/episode_00166.npz: OK
data/incoming/coinrun_teams_v1/original/Team4/session_20260524_130056/episode_00167.npz: OK
data/incoming/coinrun_teams_v1/original/Team4/session_20260524_130056/episode_00168.npz: OK
data/incoming/coinrun_teams_v1/original/Team4/session_20260524_130056/episode_00169.npz: OK
data/incoming/coinrun_teams_v1/original/Team4/session_20260524_130056/episode_00170.npz: OK
data/incoming/coinrun_teams_v1/original/Team4/session_20260524_130056/episode_00171.npz: OK
data/incoming/coinrun_teams_v1/original/Team4/session_20260524_130056/episode_00172.npz: OK
data/incoming/coinrun_teams_v1/original/Team4/session_20260524_130056/episode_00173.npz: OK
data/incoming/coinrun_teams_v1/original/Team4/session_20260524_130056/episode_00174.npz: OK
data/incoming/coinrun_teams_v1/original/Team4/session_20260524_130056/episode_00175.npz: OK
data/incoming/coinrun_teams_v1/original/Team4/session_20260524_130056/episode_00176.npz: OK
data/incoming/coinrun_teams_v1/original/Team4/session_20260524_130056/episode_00177.npz: OK
data/incoming/coinrun_teams_v1/original/Team4/session_20260524_130056/episode_00178.npz: OK
data/incoming/coinrun_teams_v1/original/Team4/session_20260524_130056/episode_00179.npz: OK
data/incoming/coinrun_teams_v1/original/Team4/session_20260524_130056/episode_00180.npz: OK
data/incoming/coinrun_teams_v1/original/Team4/session_20260524_130056/episode_00181.npz: OK
data/incoming/coinrun_teams_v1/original/Team4/session_20260524_130056/episode_00182.npz: OK
data/incoming/coinrun_teams_v1/original/Team4/session_20260524_130056/episode_00183.npz: OK
data/incoming/coinrun_teams_v1/original/Team4/session_20260524_130056/episode_00184.npz: OK
data/incoming/coinrun_teams_v1/original/Team4/session_20260524_130056/session.json: OK
data/incoming/coinrun_teams_v1/original/Team5/session_20260523_163850/episode_00001.npz: OK
data/incoming/coinrun_teams_v1/original/Team5/session_20260523_163850/episode_00002.npz: OK
data/incoming/coinrun_teams_v1/original/Team5/session_20260523_163850/episode_00003.npz: OK
data/incoming/coinrun_teams_v1/original/Team5/session_20260523_163850/episode_00004.npz: OK
data/incoming/coinrun_teams_v1/original/Team5/session_20260523_163850/episode_00005.npz: OK
data/incoming/coinrun_teams_v1/original/Team5/session_20260523_163850/episode_00006.npz: OK
data/incoming/coinrun_teams_v1/original/Team5/session_20260523_163850/episode_00007.npz: OK
data/incoming/coinrun_teams_v1/original/Team5/session_20260523_163850/episode_00008.npz: OK
data/incoming/coinrun_teams_v1/original/Team5/session_20260523_163850/episode_00009.npz: OK
data/incoming/coinrun_teams_v1/original/Team5/session_20260523_163850/episode_00010.npz: OK
data/incoming/coinrun_teams_v1/original/Team5/session_20260523_163850/episode_00011.npz: OK
data/incoming/coinrun_teams_v1/original/Team5/session_20260523_163850/episode_00012.npz: OK
data/incoming/coinrun_teams_v1/original/Team5/session_20260523_163850/episode_00013.npz: OK
data/incoming/coinrun_teams_v1/original/Team5/session_20260523_163850/episode_00014.npz: OK
data/incoming/coinrun_teams_v1/original/Team5/session_20260523_163850/episode_00015.npz: OK
data/incoming/coinrun_teams_v1/original/Team5/session_20260523_163850/episode_00016.npz: OK
data/incoming/coinrun_teams_v1/original/Team5/session_20260523_163850/episode_00017.npz: OK
data/incoming/coinrun_teams_v1/original/Team5/session_20260523_163850/episode_00018.npz: OK
data/incoming/coinrun_teams_v1/original/Team5/session_20260523_163850/episode_00019.npz: OK
data/incoming/coinrun_teams_v1/original/Team5/session_20260523_163850/episode_00020.npz: OK
data/incoming/coinrun_teams_v1/original/Team5/session_20260523_163850/episode_00021.npz: OK
data/incoming/coinrun_teams_v1/original/Team5/session_20260523_163850/episode_00022.npz: OK
data/incoming/coinrun_teams_v1/original/Team5/session_20260523_163850/episode_00023.npz: OK
data/incoming/coinrun_teams_v1/original/Team5/session_20260523_163850/episode_00024.npz: OK
data/incoming/coinrun_teams_v1/original/Team5/session_20260523_163850/episode_00025.npz: OK
data/incoming/coinrun_teams_v1/original/Team5/session_20260523_163850/episode_00026.npz: OK
data/incoming/coinrun_teams_v1/original/Team5/session_20260523_163850/episode_00027.npz: OK
data/incoming/coinrun_teams_v1/original/Team5/session_20260523_163850/episode_00028.npz: OK
data/incoming/coinrun_teams_v1/original/Team5/session_20260523_163850/episode_00029.npz: OK
data/incoming/coinrun_teams_v1/original/Team5/session_20260523_163850/episode_00030.npz: OK
data/incoming/coinrun_teams_v1/original/Team5/session_20260523_163850/episode_00031.npz: OK
data/incoming/coinrun_teams_v1/original/Team5/session_20260523_163850/episode_00032.npz: OK
data/incoming/coinrun_teams_v1/original/Team5/session_20260523_163850/episode_00033.npz: OK
data/incoming/coinrun_teams_v1/original/Team5/session_20260523_163850/episode_00034.npz: OK
data/incoming/coinrun_teams_v1/original/Team5/session_20260523_163850/episode_00035.npz: OK
data/incoming/coinrun_teams_v1/original/Team5/session_20260523_163850/episode_00036.npz: OK
data/incoming/coinrun_teams_v1/original/Team5/session_20260523_163850/episode_00037.npz: OK
data/incoming/coinrun_teams_v1/original/Team5/session_20260523_163850/episode_00038.npz: OK
data/incoming/coinrun_teams_v1/original/Team5/session_20260523_163850/episode_00039.npz: OK
data/incoming/coinrun_teams_v1/original/Team5/session_20260523_163850/episode_00040.npz: OK
data/incoming/coinrun_teams_v1/original/Team5/session_20260523_163850/episode_00041.npz: OK
data/incoming/coinrun_teams_v1/original/Team5/session_20260523_163850/episode_00042.npz: OK
data/incoming/coinrun_teams_v1/original/Team5/session_20260523_163850/episode_00043.npz: OK
data/incoming/coinrun_teams_v1/original/Team5/session_20260523_163850/episode_00044.npz: OK
data/incoming/coinrun_teams_v1/original/Team5/session_20260523_163850/episode_00045.npz: OK
data/incoming/coinrun_teams_v1/original/Team5/session_20260523_163850/episode_00046.npz: OK
data/incoming/coinrun_teams_v1/original/Team5/session_20260523_163850/episode_00047.npz: OK
data/incoming/coinrun_teams_v1/original/Team5/session_20260523_163850/episode_00048.npz: OK
data/incoming/coinrun_teams_v1/original/Team5/session_20260523_163850/episode_00049.npz: OK
data/incoming/coinrun_teams_v1/original/Team5/session_20260523_163850/episode_00050.npz: OK
data/incoming/coinrun_teams_v1/original/Team5/session_20260523_163850/episode_00051.npz: OK
data/incoming/coinrun_teams_v1/original/Team5/session_20260523_163850/episode_00052.npz: OK
data/incoming/coinrun_teams_v1/original/Team5/session_20260523_163850/episode_00053.npz: OK
data/incoming/coinrun_teams_v1/original/Team5/session_20260523_163850/episode_00054.npz: OK
data/incoming/coinrun_teams_v1/original/Team5/session_20260523_163850/episode_00055.npz: OK
data/incoming/coinrun_teams_v1/original/Team5/session_20260523_163850/episode_00056.npz: OK
data/incoming/coinrun_teams_v1/original/Team5/session_20260523_163850/episode_00057.npz: OK
data/incoming/coinrun_teams_v1/original/Team5/session_20260523_163850/episode_00058.npz: OK
data/incoming/coinrun_teams_v1/original/Team5/session_20260523_163850/episode_00059.npz: OK
data/incoming/coinrun_teams_v1/original/Team5/session_20260523_163850/episode_00060.npz: OK
data/incoming/coinrun_teams_v1/original/Team5/session_20260523_163850/episode_00061.npz: OK
data/incoming/coinrun_teams_v1/original/Team5/session_20260523_163850/episode_00062.npz: OK
data/incoming/coinrun_teams_v1/original/Team5/session_20260523_163850/episode_00063.npz: OK
data/incoming/coinrun_teams_v1/original/Team5/session_20260523_163850/episode_00064.npz: OK
data/incoming/coinrun_teams_v1/original/Team5/session_20260523_163850/episode_00065.npz: OK
data/incoming/coinrun_teams_v1/original/Team5/session_20260523_163850/episode_00066.npz: OK
data/incoming/coinrun_teams_v1/original/Team5/session_20260523_163850/episode_00067.npz: OK
data/incoming/coinrun_teams_v1/original/Team5/session_20260523_163850/episode_00068.npz: OK
data/incoming/coinrun_teams_v1/original/Team5/session_20260523_163850/episode_00069.npz: OK
data/incoming/coinrun_teams_v1/original/Team5/session_20260523_163850/episode_00070.npz: OK
data/incoming/coinrun_teams_v1/original/Team5/session_20260523_163850/episode_00071.npz: OK
data/incoming/coinrun_teams_v1/original/Team5/session_20260523_163850/episode_00072.npz: OK
data/incoming/coinrun_teams_v1/original/Team5/session_20260523_163850/episode_00073.npz: OK
data/incoming/coinrun_teams_v1/original/Team5/session_20260523_163850/episode_00074.npz: OK
data/incoming/coinrun_teams_v1/original/Team5/session_20260523_163850/episode_00075.npz: OK
data/incoming/coinrun_teams_v1/original/Team5/session_20260523_163850/episode_00076.npz: OK
data/incoming/coinrun_teams_v1/original/Team5/session_20260523_163850/episode_00077.npz: OK
data/incoming/coinrun_teams_v1/original/Team5/session_20260523_163850/episode_00078.npz: OK
data/incoming/coinrun_teams_v1/original/Team5/session_20260523_163850/episode_00079.npz: OK
data/incoming/coinrun_teams_v1/original/Team5/session_20260523_163850/episode_00080.npz: OK
data/incoming/coinrun_teams_v1/original/Team5/session_20260523_163850/episode_00081.npz: OK
data/incoming/coinrun_teams_v1/original/Team5/session_20260523_163850/episode_00082.npz: OK
data/incoming/coinrun_teams_v1/original/Team5/session_20260523_163850/episode_00083.npz: OK
data/incoming/coinrun_teams_v1/original/Team5/session_20260523_163850/episode_00084.npz: OK
data/incoming/coinrun_teams_v1/original/Team5/session_20260523_163850/episode_00085.npz: OK
data/incoming/coinrun_teams_v1/original/Team5/session_20260523_163850/session.json: OK
data/incoming/coinrun_teams_v1/original/Team5/session_20260523_165007/episode_00001.npz: OK
data/incoming/coinrun_teams_v1/original/Team5/session_20260523_165007/episode_00002.npz: OK
data/incoming/coinrun_teams_v1/original/Team5/session_20260523_165007/episode_00003.npz: OK
data/incoming/coinrun_teams_v1/original/Team5/session_20260523_165007/episode_00004.npz: OK
data/incoming/coinrun_teams_v1/original/Team5/session_20260523_165007/episode_00005.npz: OK
data/incoming/coinrun_teams_v1/original/Team5/session_20260523_165007/episode_00006.npz: OK
data/incoming/coinrun_teams_v1/original/Team5/session_20260523_165007/episode_00007.npz: OK
data/incoming/coinrun_teams_v1/original/Team5/session_20260523_165007/episode_00008.npz: OK
data/incoming/coinrun_teams_v1/original/Team5/session_20260523_165007/episode_00009.npz: OK
data/incoming/coinrun_teams_v1/original/Team5/session_20260523_165007/episode_00010.npz: OK
data/incoming/coinrun_teams_v1/original/Team5/session_20260523_165007/episode_00011.npz: OK
data/incoming/coinrun_teams_v1/original/Team5/session_20260523_165007/episode_00012.npz: OK
data/incoming/coinrun_teams_v1/original/Team5/session_20260523_165007/episode_00013.npz: OK
data/incoming/coinrun_teams_v1/original/Team5/session_20260523_165007/episode_00014.npz: OK
data/incoming/coinrun_teams_v1/original/Team5/session_20260523_165007/episode_00015.npz: OK
data/incoming/coinrun_teams_v1/original/Team5/session_20260523_165007/episode_00016.npz: OK
data/incoming/coinrun_teams_v1/original/Team5/session_20260523_165007/episode_00017.npz: OK
data/incoming/coinrun_teams_v1/original/Team5/session_20260523_165007/episode_00018.npz: OK
data/incoming/coinrun_teams_v1/original/Team5/session_20260523_165007/episode_00019.npz: OK
data/incoming/coinrun_teams_v1/original/Team5/session_20260523_165007/episode_00020.npz: OK
data/incoming/coinrun_teams_v1/original/Team5/session_20260523_165007/episode_00021.npz: OK
data/incoming/coinrun_teams_v1/original/Team5/session_20260523_165007/episode_00022.npz: OK
data/incoming/coinrun_teams_v1/original/Team5/session_20260523_165007/episode_00023.npz: OK
data/incoming/coinrun_teams_v1/original/Team5/session_20260523_165007/episode_00024.npz: OK
data/incoming/coinrun_teams_v1/original/Team5/session_20260523_165007/episode_00025.npz: OK
data/incoming/coinrun_teams_v1/original/Team5/session_20260523_165007/episode_00026.npz: OK
data/incoming/coinrun_teams_v1/original/Team5/session_20260523_165007/episode_00027.npz: OK
data/incoming/coinrun_teams_v1/original/Team5/session_20260523_165007/episode_00028.npz: OK
data/incoming/coinrun_teams_v1/original/Team5/session_20260523_165007/episode_00029.npz: OK
data/incoming/coinrun_teams_v1/original/Team5/session_20260523_165007/episode_00030.npz: OK
data/incoming/coinrun_teams_v1/original/Team5/session_20260523_165007/episode_00031.npz: OK
data/incoming/coinrun_teams_v1/original/Team5/session_20260523_165007/episode_00032.npz: OK
data/incoming/coinrun_teams_v1/original/Team5/session_20260523_165007/episode_00033.npz: OK
data/incoming/coinrun_teams_v1/original/Team5/session_20260523_165007/episode_00034.npz: OK
data/incoming/coinrun_teams_v1/original/Team5/session_20260523_165007/episode_00035.npz: OK
data/incoming/coinrun_teams_v1/original/Team5/session_20260523_165007/episode_00036.npz: OK
data/incoming/coinrun_teams_v1/original/Team5/session_20260523_165007/episode_00037.npz: OK
data/incoming/coinrun_teams_v1/original/Team5/session_20260523_165007/episode_00038.npz: OK
data/incoming/coinrun_teams_v1/original/Team5/session_20260523_165007/episode_00039.npz: OK
data/incoming/coinrun_teams_v1/original/Team5/session_20260523_165007/episode_00040.npz: OK
data/incoming/coinrun_teams_v1/original/Team5/session_20260523_165007/episode_00041.npz: OK
data/incoming/coinrun_teams_v1/original/Team5/session_20260523_165007/episode_00042.npz: OK
data/incoming/coinrun_teams_v1/original/Team5/session_20260523_165007/episode_00043.npz: OK
data/incoming/coinrun_teams_v1/original/Team5/session_20260523_165007/episode_00044.npz: OK
data/incoming/coinrun_teams_v1/original/Team5/session_20260523_165007/episode_00045.npz: OK
data/incoming/coinrun_teams_v1/original/Team5/session_20260523_165007/episode_00046.npz: OK
data/incoming/coinrun_teams_v1/original/Team5/session_20260523_165007/episode_00047.npz: OK
data/incoming/coinrun_teams_v1/original/Team5/session_20260523_165007/episode_00048.npz: OK
data/incoming/coinrun_teams_v1/original/Team5/session_20260523_165007/episode_00049.npz: OK
data/incoming/coinrun_teams_v1/original/Team5/session_20260523_165007/episode_00050.npz: OK
data/incoming/coinrun_teams_v1/original/Team5/session_20260523_165007/episode_00051.npz: OK
data/incoming/coinrun_teams_v1/original/Team5/session_20260523_165007/episode_00052.npz: OK
data/incoming/coinrun_teams_v1/original/Team5/session_20260523_165007/episode_00053.npz: OK
data/incoming/coinrun_teams_v1/original/Team5/session_20260523_165007/episode_00054.npz: OK
data/incoming/coinrun_teams_v1/original/Team5/session_20260523_165007/episode_00055.npz: OK
data/incoming/coinrun_teams_v1/original/Team5/session_20260523_165007/episode_00056.npz: OK
data/incoming/coinrun_teams_v1/original/Team5/session_20260523_165007/episode_00057.npz: OK
data/incoming/coinrun_teams_v1/original/Team5/session_20260523_165007/episode_00058.npz: OK
data/incoming/coinrun_teams_v1/original/Team5/session_20260523_165007/episode_00059.npz: OK
data/incoming/coinrun_teams_v1/original/Team5/session_20260523_165007/episode_00060.npz: OK
data/incoming/coinrun_teams_v1/original/Team5/session_20260523_165007/episode_00061.npz: OK
data/incoming/coinrun_teams_v1/original/Team5/session_20260523_165007/episode_00062.npz: OK
data/incoming/coinrun_teams_v1/original/Team5/session_20260523_165007/episode_00063.npz: OK
data/incoming/coinrun_teams_v1/original/Team5/session_20260523_165007/episode_00064.npz: OK
data/incoming/coinrun_teams_v1/original/Team5/session_20260523_165007/episode_00065.npz: OK
data/incoming/coinrun_teams_v1/original/Team5/session_20260523_165007/episode_00066.npz: OK
data/incoming/coinrun_teams_v1/original/Team5/session_20260523_165007/episode_00067.npz: OK
data/incoming/coinrun_teams_v1/original/Team5/session_20260523_165007/episode_00068.npz: OK
data/incoming/coinrun_teams_v1/original/Team5/session_20260523_165007/episode_00069.npz: OK
data/incoming/coinrun_teams_v1/original/Team5/session_20260523_165007/episode_00070.npz: OK
data/incoming/coinrun_teams_v1/original/Team5/session_20260523_165007/episode_00071.npz: OK
data/incoming/coinrun_teams_v1/original/Team5/session_20260523_165007/episode_00072.npz: OK
data/incoming/coinrun_teams_v1/original/Team5/session_20260523_165007/episode_00073.npz: OK
data/incoming/coinrun_teams_v1/original/Team5/session_20260523_165007/episode_00074.npz: OK
data/incoming/coinrun_teams_v1/original/Team5/session_20260523_165007/episode_00075.npz: OK
data/incoming/coinrun_teams_v1/original/Team5/session_20260523_165007/episode_00076.npz: OK
data/incoming/coinrun_teams_v1/original/Team5/session_20260523_165007/episode_00077.npz: OK
data/incoming/coinrun_teams_v1/original/Team5/session_20260523_165007/episode_00078.npz: OK
data/incoming/coinrun_teams_v1/original/Team5/session_20260523_165007/session.json: OK
data/incoming/coinrun_teams_v1/original/Team5/session_20260524_125456/episode_00001.npz: OK
data/incoming/coinrun_teams_v1/original/Team5/session_20260524_125456/episode_00002.npz: OK
data/incoming/coinrun_teams_v1/original/Team5/session_20260524_125456/episode_00003.npz: OK
data/incoming/coinrun_teams_v1/original/Team5/session_20260524_125456/episode_00004.npz: OK
data/incoming/coinrun_teams_v1/original/Team5/session_20260524_125456/episode_00005.npz: OK
data/incoming/coinrun_teams_v1/original/Team5/session_20260524_125456/episode_00006.npz: OK
data/incoming/coinrun_teams_v1/original/Team5/session_20260524_125456/episode_00007.npz: OK
data/incoming/coinrun_teams_v1/original/Team5/session_20260524_125456/episode_00008.npz: OK
data/incoming/coinrun_teams_v1/original/Team5/session_20260524_125456/episode_00009.npz: OK
data/incoming/coinrun_teams_v1/original/Team5/session_20260524_125456/episode_00010.npz: OK
data/incoming/coinrun_teams_v1/original/Team5/session_20260524_125456/episode_00011.npz: OK
data/incoming/coinrun_teams_v1/original/Team5/session_20260524_125456/episode_00012.npz: OK
data/incoming/coinrun_teams_v1/original/Team5/session_20260524_125456/episode_00013.npz: OK
data/incoming/coinrun_teams_v1/original/Team5/session_20260524_125456/episode_00014.npz: OK
data/incoming/coinrun_teams_v1/original/Team5/session_20260524_125456/episode_00015.npz: OK
data/incoming/coinrun_teams_v1/original/Team5/session_20260524_125456/episode_00016.npz: OK
data/incoming/coinrun_teams_v1/original/Team5/session_20260524_125456/episode_00017.npz: OK
data/incoming/coinrun_teams_v1/original/Team5/session_20260524_125456/episode_00018.npz: OK
data/incoming/coinrun_teams_v1/original/Team5/session_20260524_125456/episode_00019.npz: OK
data/incoming/coinrun_teams_v1/original/Team5/session_20260524_125456/episode_00020.npz: OK
data/incoming/coinrun_teams_v1/original/Team5/session_20260524_125456/episode_00021.npz: OK
data/incoming/coinrun_teams_v1/original/Team5/session_20260524_125456/episode_00022.npz: OK
data/incoming/coinrun_teams_v1/original/Team5/session_20260524_125456/episode_00023.npz: OK
data/incoming/coinrun_teams_v1/original/Team5/session_20260524_125456/episode_00024.npz: OK
data/incoming/coinrun_teams_v1/original/Team5/session_20260524_125456/episode_00025.npz: OK
data/incoming/coinrun_teams_v1/original/Team5/session_20260524_125456/episode_00026.npz: OK
data/incoming/coinrun_teams_v1/original/Team5/session_20260524_125456/episode_00027.npz: OK
data/incoming/coinrun_teams_v1/original/Team5/session_20260524_125456/episode_00028.npz: OK
data/incoming/coinrun_teams_v1/original/Team5/session_20260524_125456/episode_00029.npz: OK
data/incoming/coinrun_teams_v1/original/Team5/session_20260524_125456/episode_00030.npz: OK
data/incoming/coinrun_teams_v1/original/Team5/session_20260524_125456/episode_00031.npz: OK
data/incoming/coinrun_teams_v1/original/Team5/session_20260524_125456/episode_00032.npz: OK
data/incoming/coinrun_teams_v1/original/Team5/session_20260524_125456/episode_00033.npz: OK
data/incoming/coinrun_teams_v1/original/Team5/session_20260524_125456/episode_00034.npz: OK
data/incoming/coinrun_teams_v1/original/Team5/session_20260524_125456/episode_00035.npz: OK
data/incoming/coinrun_teams_v1/original/Team5/session_20260524_125456/episode_00036.npz: OK
data/incoming/coinrun_teams_v1/original/Team5/session_20260524_125456/episode_00037.npz: OK
data/incoming/coinrun_teams_v1/original/Team5/session_20260524_125456/episode_00038.npz: OK
data/incoming/coinrun_teams_v1/original/Team5/session_20260524_125456/episode_00039.npz: OK
data/incoming/coinrun_teams_v1/original/Team5/session_20260524_125456/episode_00040.npz: OK
data/incoming/coinrun_teams_v1/original/Team5/session_20260524_125456/episode_00041.npz: OK
data/incoming/coinrun_teams_v1/original/Team5/session_20260524_125456/episode_00042.npz: OK
data/incoming/coinrun_teams_v1/original/Team5/session_20260524_125456/episode_00043.npz: OK
data/incoming/coinrun_teams_v1/original/Team5/session_20260524_125456/episode_00044.npz: OK
data/incoming/coinrun_teams_v1/original/Team5/session_20260524_125456/episode_00045.npz: OK
data/incoming/coinrun_teams_v1/original/Team5/session_20260524_125456/episode_00046.npz: OK
data/incoming/coinrun_teams_v1/original/Team5/session_20260524_125456/episode_00047.npz: OK
data/incoming/coinrun_teams_v1/original/Team5/session_20260524_125456/episode_00048.npz: OK
data/incoming/coinrun_teams_v1/original/Team5/session_20260524_125456/episode_00049.npz: OK
data/incoming/coinrun_teams_v1/original/Team5/session_20260524_125456/episode_00050.npz: OK
data/incoming/coinrun_teams_v1/original/Team5/session_20260524_125456/episode_00051.npz: OK
data/incoming/coinrun_teams_v1/original/Team5/session_20260524_125456/episode_00052.npz: OK
data/incoming/coinrun_teams_v1/original/Team5/session_20260524_125456/episode_00053.npz: OK
data/incoming/coinrun_teams_v1/original/Team5/session_20260524_125456/episode_00054.npz: OK
data/incoming/coinrun_teams_v1/original/Team5/session_20260524_125456/episode_00055.npz: OK
data/incoming/coinrun_teams_v1/original/Team5/session_20260524_125456/episode_00056.npz: OK
data/incoming/coinrun_teams_v1/original/Team5/session_20260524_125456/episode_00057.npz: OK
data/incoming/coinrun_teams_v1/original/Team5/session_20260524_125456/episode_00058.npz: OK
data/incoming/coinrun_teams_v1/original/Team5/session_20260524_125456/episode_00059.npz: OK
data/incoming/coinrun_teams_v1/original/Team5/session_20260524_125456/episode_00060.npz: OK
data/incoming/coinrun_teams_v1/original/Team5/session_20260524_125456/episode_00061.npz: OK
data/incoming/coinrun_teams_v1/original/Team5/session_20260524_125456/episode_00062.npz: OK
data/incoming/coinrun_teams_v1/original/Team5/session_20260524_125456/episode_00063.npz: OK
data/incoming/coinrun_teams_v1/original/Team5/session_20260524_125456/episode_00064.npz: OK
data/incoming/coinrun_teams_v1/original/Team5/session_20260524_125456/episode_00065.npz: OK
data/incoming/coinrun_teams_v1/original/Team5/session_20260524_125456/episode_00066.npz: OK
data/incoming/coinrun_teams_v1/original/Team5/session_20260524_125456/episode_00067.npz: OK
data/incoming/coinrun_teams_v1/original/Team5/session_20260524_125456/episode_00068.npz: OK
data/incoming/coinrun_teams_v1/original/Team5/session_20260524_125456/episode_00069.npz: OK
data/incoming/coinrun_teams_v1/original/Team5/session_20260524_125456/episode_00070.npz: OK
data/incoming/coinrun_teams_v1/original/Team5/session_20260524_125456/episode_00071.npz: OK
data/incoming/coinrun_teams_v1/original/Team5/session_20260524_125456/episode_00072.npz: OK
data/incoming/coinrun_teams_v1/original/Team5/session_20260524_125456/episode_00073.npz: OK
data/incoming/coinrun_teams_v1/original/Team5/session_20260524_125456/episode_00074.npz: OK
data/incoming/coinrun_teams_v1/original/Team5/session_20260524_125456/episode_00075.npz: OK
data/incoming/coinrun_teams_v1/original/Team5/session_20260524_125456/session.json: OK
data/incoming/coinrun_teams_v1/original/Team5/session_20260524_204035/episode_00001.npz: OK
data/incoming/coinrun_teams_v1/original/Team5/session_20260524_204035/episode_00002.npz: OK
data/incoming/coinrun_teams_v1/original/Team5/session_20260524_204035/episode_00003.npz: OK
data/incoming/coinrun_teams_v1/original/Team5/session_20260524_204035/episode_00004.npz: OK
data/incoming/coinrun_teams_v1/original/Team5/session_20260524_204035/episode_00005.npz: OK
data/incoming/coinrun_teams_v1/original/Team5/session_20260524_204035/episode_00006.npz: OK
data/incoming/coinrun_teams_v1/original/Team5/session_20260524_204035/episode_00007.npz: OK
data/incoming/coinrun_teams_v1/original/Team5/session_20260524_204035/episode_00008.npz: OK
data/incoming/coinrun_teams_v1/original/Team5/session_20260524_204035/episode_00009.npz: OK
data/incoming/coinrun_teams_v1/original/Team5/session_20260524_204035/episode_00010.npz: OK
data/incoming/coinrun_teams_v1/original/Team5/session_20260524_204035/episode_00011.npz: OK
data/incoming/coinrun_teams_v1/original/Team5/session_20260524_204035/episode_00012.npz: OK
data/incoming/coinrun_teams_v1/original/Team5/session_20260524_204035/episode_00013.npz: OK
data/incoming/coinrun_teams_v1/original/Team5/session_20260524_204035/episode_00014.npz: OK
data/incoming/coinrun_teams_v1/original/Team5/session_20260524_204035/episode_00015.npz: OK
data/incoming/coinrun_teams_v1/original/Team5/session_20260524_204035/episode_00016.npz: OK
data/incoming/coinrun_teams_v1/original/Team5/session_20260524_204035/episode_00017.npz: OK
data/incoming/coinrun_teams_v1/original/Team5/session_20260524_204035/episode_00018.npz: OK
data/incoming/coinrun_teams_v1/original/Team5/session_20260524_204035/episode_00019.npz: OK
data/incoming/coinrun_teams_v1/original/Team5/session_20260524_204035/episode_00020.npz: OK
data/incoming/coinrun_teams_v1/original/Team5/session_20260524_204035/episode_00021.npz: OK
data/incoming/coinrun_teams_v1/original/Team5/session_20260524_204035/episode_00022.npz: OK
data/incoming/coinrun_teams_v1/original/Team5/session_20260524_204035/episode_00023.npz: OK
data/incoming/coinrun_teams_v1/original/Team5/session_20260524_204035/episode_00024.npz: OK
data/incoming/coinrun_teams_v1/original/Team5/session_20260524_204035/episode_00025.npz: OK
data/incoming/coinrun_teams_v1/original/Team5/session_20260524_204035/episode_00026.npz: OK
data/incoming/coinrun_teams_v1/original/Team5/session_20260524_204035/episode_00027.npz: OK
data/incoming/coinrun_teams_v1/original/Team5/session_20260524_204035/episode_00028.npz: OK
data/incoming/coinrun_teams_v1/original/Team5/session_20260524_204035/episode_00029.npz: OK
data/incoming/coinrun_teams_v1/original/Team5/session_20260524_204035/episode_00030.npz: OK
data/incoming/coinrun_teams_v1/original/Team5/session_20260524_204035/episode_00031.npz: OK
data/incoming/coinrun_teams_v1/original/Team5/session_20260524_204035/episode_00032.npz: OK
data/incoming/coinrun_teams_v1/original/Team5/session_20260524_204035/episode_00033.npz: OK
data/incoming/coinrun_teams_v1/original/Team5/session_20260524_204035/episode_00034.npz: OK
data/incoming/coinrun_teams_v1/original/Team5/session_20260524_204035/episode_00035.npz: OK
data/incoming/coinrun_teams_v1/original/Team5/session_20260524_204035/episode_00036.npz: OK
data/incoming/coinrun_teams_v1/original/Team5/session_20260524_204035/episode_00037.npz: OK
data/incoming/coinrun_teams_v1/original/Team5/session_20260524_204035/episode_00038.npz: OK
data/incoming/coinrun_teams_v1/original/Team5/session_20260524_204035/episode_00039.npz: OK
data/incoming/coinrun_teams_v1/original/Team5/session_20260524_204035/episode_00040.npz: OK
data/incoming/coinrun_teams_v1/original/Team5/session_20260524_204035/episode_00041.npz: OK
data/incoming/coinrun_teams_v1/original/Team5/session_20260524_204035/episode_00042.npz: OK
data/incoming/coinrun_teams_v1/original/Team5/session_20260524_204035/episode_00043.npz: OK
data/incoming/coinrun_teams_v1/original/Team5/session_20260524_204035/session.json: OK
data/incoming/coinrun_teams_v1/original/Team6/session_20260524_132223_easy/episode_00001.npz: OK
data/incoming/coinrun_teams_v1/original/Team6/session_20260524_132223_easy/episode_00002.npz: OK
data/incoming/coinrun_teams_v1/original/Team6/session_20260524_132223_easy/episode_00003.npz: OK
data/incoming/coinrun_teams_v1/original/Team6/session_20260524_132223_easy/episode_00004.npz: OK
data/incoming/coinrun_teams_v1/original/Team6/session_20260524_132223_easy/episode_00005.npz: OK
data/incoming/coinrun_teams_v1/original/Team6/session_20260524_132223_easy/episode_00006.npz: OK
data/incoming/coinrun_teams_v1/original/Team6/session_20260524_132223_easy/episode_00007.npz: OK
data/incoming/coinrun_teams_v1/original/Team6/session_20260524_132223_easy/episode_00008.npz: OK
data/incoming/coinrun_teams_v1/original/Team6/session_20260524_132223_easy/episode_00009.npz: OK
data/incoming/coinrun_teams_v1/original/Team6/session_20260524_132223_easy/episode_00010.npz: OK
data/incoming/coinrun_teams_v1/original/Team6/session_20260524_132223_easy/episode_00011.npz: OK
data/incoming/coinrun_teams_v1/original/Team6/session_20260524_132223_easy/episode_00012.npz: OK
data/incoming/coinrun_teams_v1/original/Team6/session_20260524_132223_easy/episode_00013.npz: OK
data/incoming/coinrun_teams_v1/original/Team6/session_20260524_132223_easy/episode_00014.npz: OK
data/incoming/coinrun_teams_v1/original/Team6/session_20260524_132223_easy/episode_00015.npz: OK
data/incoming/coinrun_teams_v1/original/Team6/session_20260524_132223_easy/episode_00016.npz: OK
data/incoming/coinrun_teams_v1/original/Team6/session_20260524_132223_easy/episode_00017.npz: OK
data/incoming/coinrun_teams_v1/original/Team6/session_20260524_132223_easy/episode_00018.npz: OK
data/incoming/coinrun_teams_v1/original/Team6/session_20260524_132223_easy/episode_00019.npz: OK
data/incoming/coinrun_teams_v1/original/Team6/session_20260524_132223_easy/episode_00020.npz: OK
data/incoming/coinrun_teams_v1/original/Team6/session_20260524_132223_easy/episode_00021.npz: OK
data/incoming/coinrun_teams_v1/original/Team6/session_20260524_132223_easy/episode_00022.npz: OK
data/incoming/coinrun_teams_v1/original/Team6/session_20260524_132223_easy/episode_00023.npz: OK
data/incoming/coinrun_teams_v1/original/Team6/session_20260524_132223_easy/episode_00024.npz: OK
data/incoming/coinrun_teams_v1/original/Team6/session_20260524_132223_easy/episode_00025.npz: OK
data/incoming/coinrun_teams_v1/original/Team6/session_20260524_132223_easy/episode_00026.npz: OK
data/incoming/coinrun_teams_v1/original/Team6/session_20260524_132223_easy/episode_00027.npz: OK
data/incoming/coinrun_teams_v1/original/Team6/session_20260524_132223_easy/episode_00028.npz: OK
data/incoming/coinrun_teams_v1/original/Team6/session_20260524_132223_easy/episode_00029.npz: OK
data/incoming/coinrun_teams_v1/original/Team6/session_20260524_132223_easy/episode_00030.npz: OK
data/incoming/coinrun_teams_v1/original/Team6/session_20260524_132223_easy/episode_00031.npz: OK
data/incoming/coinrun_teams_v1/original/Team6/session_20260524_132223_easy/episode_00032.npz: OK
data/incoming/coinrun_teams_v1/original/Team6/session_20260524_132223_easy/episode_00033.npz: OK
data/incoming/coinrun_teams_v1/original/Team6/session_20260524_132223_easy/episode_00034.npz: OK
data/incoming/coinrun_teams_v1/original/Team6/session_20260524_132223_easy/episode_00035.npz: OK
data/incoming/coinrun_teams_v1/original/Team6/session_20260524_132223_easy/episode_00036.npz: OK
data/incoming/coinrun_teams_v1/original/Team6/session_20260524_132223_easy/episode_00037.npz: OK
data/incoming/coinrun_teams_v1/original/Team6/session_20260524_132223_easy/episode_00038.npz: OK
data/incoming/coinrun_teams_v1/original/Team6/session_20260524_132223_easy/episode_00039.npz: OK
data/incoming/coinrun_teams_v1/original/Team6/session_20260524_132223_easy/episode_00040.npz: OK
data/incoming/coinrun_teams_v1/original/Team6/session_20260524_132223_easy/episode_00041.npz: OK
data/incoming/coinrun_teams_v1/original/Team6/session_20260524_132223_easy/episode_00042.npz: OK
data/incoming/coinrun_teams_v1/original/Team6/session_20260524_132223_easy/episode_00043.npz: OK
data/incoming/coinrun_teams_v1/original/Team6/session_20260524_132223_easy/episode_00044.npz: OK
data/incoming/coinrun_teams_v1/original/Team6/session_20260524_132223_easy/episode_00045.npz: OK
data/incoming/coinrun_teams_v1/original/Team6/session_20260524_132223_easy/episode_00046.npz: OK
data/incoming/coinrun_teams_v1/original/Team6/session_20260524_132223_easy/episode_00047.npz: OK
data/incoming/coinrun_teams_v1/original/Team6/session_20260524_132223_easy/episode_00048.npz: OK
data/incoming/coinrun_teams_v1/original/Team6/session_20260524_132223_easy/episode_00049.npz: OK
data/incoming/coinrun_teams_v1/original/Team6/session_20260524_132223_easy/episode_00050.npz: OK
data/incoming/coinrun_teams_v1/original/Team6/session_20260524_132223_easy/episode_00051.npz: OK
data/incoming/coinrun_teams_v1/original/Team6/session_20260524_132223_easy/episode_00052.npz: OK
data/incoming/coinrun_teams_v1/original/Team6/session_20260524_132223_easy/episode_00053.npz: OK
data/incoming/coinrun_teams_v1/original/Team6/session_20260524_132223_easy/episode_00054.npz: OK
data/incoming/coinrun_teams_v1/original/Team6/session_20260524_132223_easy/episode_00055.npz: OK
data/incoming/coinrun_teams_v1/original/Team6/session_20260524_132223_easy/episode_00056.npz: OK
data/incoming/coinrun_teams_v1/original/Team6/session_20260524_132223_easy/episode_00057.npz: OK
data/incoming/coinrun_teams_v1/original/Team6/session_20260524_132223_easy/episode_00058.npz: OK
data/incoming/coinrun_teams_v1/original/Team6/session_20260524_132223_easy/episode_00059.npz: OK
data/incoming/coinrun_teams_v1/original/Team6/session_20260524_132223_easy/episode_00060.npz: OK
data/incoming/coinrun_teams_v1/original/Team6/session_20260524_132223_easy/episode_00061.npz: OK
data/incoming/coinrun_teams_v1/original/Team6/session_20260524_132223_easy/episode_00062.npz: OK
data/incoming/coinrun_teams_v1/original/Team6/session_20260524_132223_easy/session.json: OK
data/incoming/coinrun_teams_v1/original/Team6/session_20260524_133614_hard/episode_00001.npz: OK
data/incoming/coinrun_teams_v1/original/Team6/session_20260524_133614_hard/episode_00002.npz: OK
data/incoming/coinrun_teams_v1/original/Team6/session_20260524_133614_hard/episode_00003.npz: OK
data/incoming/coinrun_teams_v1/original/Team6/session_20260524_133614_hard/episode_00004.npz: OK
data/incoming/coinrun_teams_v1/original/Team6/session_20260524_133614_hard/episode_00005.npz: OK
data/incoming/coinrun_teams_v1/original/Team6/session_20260524_133614_hard/episode_00006.npz: OK
data/incoming/coinrun_teams_v1/original/Team6/session_20260524_133614_hard/episode_00007.npz: OK
data/incoming/coinrun_teams_v1/original/Team6/session_20260524_133614_hard/episode_00008.npz: OK
data/incoming/coinrun_teams_v1/original/Team6/session_20260524_133614_hard/episode_00009.npz: OK
data/incoming/coinrun_teams_v1/original/Team6/session_20260524_133614_hard/episode_00010.npz: OK
data/incoming/coinrun_teams_v1/original/Team6/session_20260524_133614_hard/episode_00011.npz: OK
data/incoming/coinrun_teams_v1/original/Team6/session_20260524_133614_hard/episode_00012.npz: OK
data/incoming/coinrun_teams_v1/original/Team6/session_20260524_133614_hard/episode_00013.npz: OK
data/incoming/coinrun_teams_v1/original/Team6/session_20260524_133614_hard/episode_00014.npz: OK
data/incoming/coinrun_teams_v1/original/Team6/session_20260524_133614_hard/episode_00015.npz: OK
data/incoming/coinrun_teams_v1/original/Team6/session_20260524_133614_hard/episode_00016.npz: OK
data/incoming/coinrun_teams_v1/original/Team6/session_20260524_133614_hard/episode_00017.npz: OK
data/incoming/coinrun_teams_v1/original/Team6/session_20260524_133614_hard/episode_00018.npz: OK
data/incoming/coinrun_teams_v1/original/Team6/session_20260524_133614_hard/episode_00019.npz: OK
data/incoming/coinrun_teams_v1/original/Team6/session_20260524_133614_hard/episode_00020.npz: OK
data/incoming/coinrun_teams_v1/original/Team6/session_20260524_133614_hard/episode_00021.npz: OK
data/incoming/coinrun_teams_v1/original/Team6/session_20260524_133614_hard/episode_00022.npz: OK
data/incoming/coinrun_teams_v1/original/Team6/session_20260524_133614_hard/episode_00023.npz: OK
data/incoming/coinrun_teams_v1/original/Team6/session_20260524_133614_hard/episode_00024.npz: OK
data/incoming/coinrun_teams_v1/original/Team6/session_20260524_133614_hard/episode_00025.npz: OK
data/incoming/coinrun_teams_v1/original/Team6/session_20260524_133614_hard/episode_00026.npz: OK
data/incoming/coinrun_teams_v1/original/Team6/session_20260524_133614_hard/episode_00027.npz: OK
data/incoming/coinrun_teams_v1/original/Team6/session_20260524_133614_hard/episode_00028.npz: OK
data/incoming/coinrun_teams_v1/original/Team6/session_20260524_133614_hard/episode_00029.npz: OK
data/incoming/coinrun_teams_v1/original/Team6/session_20260524_133614_hard/episode_00030.npz: OK
data/incoming/coinrun_teams_v1/original/Team6/session_20260524_133614_hard/episode_00031.npz: OK
data/incoming/coinrun_teams_v1/original/Team6/session_20260524_133614_hard/episode_00032.npz: OK
data/incoming/coinrun_teams_v1/original/Team6/session_20260524_133614_hard/episode_00033.npz: OK
data/incoming/coinrun_teams_v1/original/Team6/session_20260524_133614_hard/episode_00034.npz: OK
data/incoming/coinrun_teams_v1/original/Team6/session_20260524_133614_hard/episode_00035.npz: OK
data/incoming/coinrun_teams_v1/original/Team6/session_20260524_133614_hard/episode_00036.npz: OK
data/incoming/coinrun_teams_v1/original/Team6/session_20260524_133614_hard/episode_00037.npz: OK
data/incoming/coinrun_teams_v1/original/Team6/session_20260524_133614_hard/episode_00038.npz: OK
data/incoming/coinrun_teams_v1/original/Team6/session_20260524_133614_hard/episode_00039.npz: OK
data/incoming/coinrun_teams_v1/original/Team6/session_20260524_133614_hard/episode_00040.npz: OK
data/incoming/coinrun_teams_v1/original/Team6/session_20260524_133614_hard/episode_00041.npz: OK
data/incoming/coinrun_teams_v1/original/Team6/session_20260524_133614_hard/episode_00042.npz: OK
data/incoming/coinrun_teams_v1/original/Team6/session_20260524_133614_hard/episode_00043.npz: OK
data/incoming/coinrun_teams_v1/original/Team6/session_20260524_133614_hard/episode_00044.npz: OK
data/incoming/coinrun_teams_v1/original/Team6/session_20260524_133614_hard/episode_00045.npz: OK
data/incoming/coinrun_teams_v1/original/Team6/session_20260524_133614_hard/episode_00046.npz: OK
data/incoming/coinrun_teams_v1/original/Team6/session_20260524_133614_hard/episode_00047.npz: OK
data/incoming/coinrun_teams_v1/original/Team6/session_20260524_133614_hard/episode_00048.npz: OK
data/incoming/coinrun_teams_v1/original/Team6/session_20260524_133614_hard/episode_00049.npz: OK
data/incoming/coinrun_teams_v1/original/Team6/session_20260524_133614_hard/episode_00050.npz: OK
data/incoming/coinrun_teams_v1/original/Team6/session_20260524_133614_hard/episode_00051.npz: OK
data/incoming/coinrun_teams_v1/original/Team6/session_20260524_133614_hard/episode_00052.npz: OK
data/incoming/coinrun_teams_v1/original/Team6/session_20260524_133614_hard/episode_00053.npz: OK
data/incoming/coinrun_teams_v1/original/Team6/session_20260524_133614_hard/episode_00054.npz: OK
data/incoming/coinrun_teams_v1/original/Team6/session_20260524_133614_hard/episode_00055.npz: OK
data/incoming/coinrun_teams_v1/original/Team6/session_20260524_133614_hard/episode_00056.npz: OK
data/incoming/coinrun_teams_v1/original/Team6/session_20260524_133614_hard/episode_00057.npz: OK
data/incoming/coinrun_teams_v1/original/Team6/session_20260524_133614_hard/episode_00058.npz: OK
data/incoming/coinrun_teams_v1/original/Team6/session_20260524_133614_hard/episode_00059.npz: OK
data/incoming/coinrun_teams_v1/original/Team6/session_20260524_133614_hard/episode_00060.npz: OK
data/incoming/coinrun_teams_v1/original/Team6/session_20260524_133614_hard/episode_00061.npz: OK
data/incoming/coinrun_teams_v1/original/Team6/session_20260524_133614_hard/episode_00062.npz: OK
data/incoming/coinrun_teams_v1/original/Team6/session_20260524_133614_hard/episode_00063.npz: OK
data/incoming/coinrun_teams_v1/original/Team6/session_20260524_133614_hard/episode_00064.npz: OK
data/incoming/coinrun_teams_v1/original/Team6/session_20260524_133614_hard/episode_00065.npz: OK
data/incoming/coinrun_teams_v1/original/Team6/session_20260524_133614_hard/episode_00066.npz: OK
data/incoming/coinrun_teams_v1/original/Team6/session_20260524_133614_hard/episode_00067.npz: OK
data/incoming/coinrun_teams_v1/original/Team6/session_20260524_133614_hard/episode_00068.npz: OK
data/incoming/coinrun_teams_v1/original/Team6/session_20260524_133614_hard/episode_00069.npz: OK
data/incoming/coinrun_teams_v1/original/Team6/session_20260524_133614_hard/episode_00070.npz: OK
data/incoming/coinrun_teams_v1/original/Team6/session_20260524_133614_hard/episode_00071.npz: OK
data/incoming/coinrun_teams_v1/original/Team6/session_20260524_133614_hard/episode_00072.npz: OK
data/incoming/coinrun_teams_v1/original/Team6/session_20260524_133614_hard/episode_00073.npz: OK
data/incoming/coinrun_teams_v1/original/Team6/session_20260524_133614_hard/episode_00074.npz: OK
data/incoming/coinrun_teams_v1/original/Team6/session_20260524_133614_hard/episode_00075.npz: OK
data/incoming/coinrun_teams_v1/original/Team6/session_20260524_133614_hard/episode_00076.npz: OK
data/incoming/coinrun_teams_v1/original/Team6/session_20260524_133614_hard/episode_00077.npz: OK
data/incoming/coinrun_teams_v1/original/Team6/session_20260524_133614_hard/episode_00078.npz: OK
data/incoming/coinrun_teams_v1/original/Team6/session_20260524_133614_hard/episode_00079.npz: OK
data/incoming/coinrun_teams_v1/original/Team6/session_20260524_133614_hard/session.json: OK
data/incoming/coinrun_teams_v1/original/Team6/session_20260524_144056_easy/episode_00001.npz: OK
data/incoming/coinrun_teams_v1/original/Team6/session_20260524_144056_easy/episode_00002.npz: OK
data/incoming/coinrun_teams_v1/original/Team6/session_20260524_144056_easy/episode_00003.npz: OK
data/incoming/coinrun_teams_v1/original/Team6/session_20260524_144056_easy/episode_00004.npz: OK
data/incoming/coinrun_teams_v1/original/Team6/session_20260524_144056_easy/episode_00005.npz: OK
data/incoming/coinrun_teams_v1/original/Team6/session_20260524_144056_easy/episode_00006.npz: OK
data/incoming/coinrun_teams_v1/original/Team6/session_20260524_144056_easy/episode_00007.npz: OK
data/incoming/coinrun_teams_v1/original/Team6/session_20260524_144056_easy/episode_00008.npz: OK
data/incoming/coinrun_teams_v1/original/Team6/session_20260524_144056_easy/episode_00009.npz: OK
data/incoming/coinrun_teams_v1/original/Team6/session_20260524_144056_easy/episode_00010.npz: OK
data/incoming/coinrun_teams_v1/original/Team6/session_20260524_144056_easy/episode_00011.npz: OK
data/incoming/coinrun_teams_v1/original/Team6/session_20260524_144056_easy/episode_00012.npz: OK
data/incoming/coinrun_teams_v1/original/Team6/session_20260524_144056_easy/episode_00013.npz: OK
data/incoming/coinrun_teams_v1/original/Team6/session_20260524_144056_easy/episode_00014.npz: OK
data/incoming/coinrun_teams_v1/original/Team6/session_20260524_144056_easy/episode_00015.npz: OK
data/incoming/coinrun_teams_v1/original/Team6/session_20260524_144056_easy/episode_00016.npz: OK
data/incoming/coinrun_teams_v1/original/Team6/session_20260524_144056_easy/episode_00017.npz: OK
data/incoming/coinrun_teams_v1/original/Team6/session_20260524_144056_easy/episode_00018.npz: OK
data/incoming/coinrun_teams_v1/original/Team6/session_20260524_144056_easy/episode_00019.npz: OK
data/incoming/coinrun_teams_v1/original/Team6/session_20260524_144056_easy/episode_00020.npz: OK
data/incoming/coinrun_teams_v1/original/Team6/session_20260524_144056_easy/episode_00021.npz: OK
data/incoming/coinrun_teams_v1/original/Team6/session_20260524_144056_easy/episode_00022.npz: OK
data/incoming/coinrun_teams_v1/original/Team6/session_20260524_144056_easy/episode_00023.npz: OK
data/incoming/coinrun_teams_v1/original/Team6/session_20260524_144056_easy/episode_00024.npz: OK
data/incoming/coinrun_teams_v1/original/Team6/session_20260524_144056_easy/episode_00025.npz: OK
data/incoming/coinrun_teams_v1/original/Team6/session_20260524_144056_easy/episode_00026.npz: OK
data/incoming/coinrun_teams_v1/original/Team6/session_20260524_144056_easy/episode_00027.npz: OK
data/incoming/coinrun_teams_v1/original/Team6/session_20260524_144056_easy/episode_00028.npz: OK
data/incoming/coinrun_teams_v1/original/Team6/session_20260524_144056_easy/episode_00029.npz: OK
data/incoming/coinrun_teams_v1/original/Team6/session_20260524_144056_easy/episode_00030.npz: OK
data/incoming/coinrun_teams_v1/original/Team6/session_20260524_144056_easy/episode_00031.npz: OK
data/incoming/coinrun_teams_v1/original/Team6/session_20260524_144056_easy/episode_00032.npz: OK
data/incoming/coinrun_teams_v1/original/Team6/session_20260524_144056_easy/episode_00033.npz: OK
data/incoming/coinrun_teams_v1/original/Team6/session_20260524_144056_easy/episode_00034.npz: OK
data/incoming/coinrun_teams_v1/original/Team6/session_20260524_144056_easy/episode_00035.npz: OK
data/incoming/coinrun_teams_v1/original/Team6/session_20260524_144056_easy/episode_00036.npz: OK
data/incoming/coinrun_teams_v1/original/Team6/session_20260524_144056_easy/episode_00037.npz: OK
data/incoming/coinrun_teams_v1/original/Team6/session_20260524_144056_easy/episode_00038.npz: OK
data/incoming/coinrun_teams_v1/original/Team6/session_20260524_144056_easy/episode_00039.npz: OK
data/incoming/coinrun_teams_v1/original/Team6/session_20260524_144056_easy/episode_00040.npz: OK
data/incoming/coinrun_teams_v1/original/Team6/session_20260524_144056_easy/episode_00041.npz: OK
data/incoming/coinrun_teams_v1/original/Team6/session_20260524_144056_easy/episode_00042.npz: OK
data/incoming/coinrun_teams_v1/original/Team6/session_20260524_144056_easy/episode_00043.npz: OK
data/incoming/coinrun_teams_v1/original/Team6/session_20260524_144056_easy/episode_00044.npz: OK
data/incoming/coinrun_teams_v1/original/Team6/session_20260524_144056_easy/episode_00045.npz: OK
data/incoming/coinrun_teams_v1/original/Team6/session_20260524_144056_easy/episode_00046.npz: OK
data/incoming/coinrun_teams_v1/original/Team6/session_20260524_144056_easy/episode_00047.npz: OK
data/incoming/coinrun_teams_v1/original/Team6/session_20260524_144056_easy/episode_00048.npz: OK
data/incoming/coinrun_teams_v1/original/Team6/session_20260524_144056_easy/episode_00049.npz: OK
data/incoming/coinrun_teams_v1/original/Team6/session_20260524_144056_easy/episode_00050.npz: OK
data/incoming/coinrun_teams_v1/original/Team6/session_20260524_144056_easy/episode_00051.npz: OK
data/incoming/coinrun_teams_v1/original/Team6/session_20260524_144056_easy/episode_00052.npz: OK
data/incoming/coinrun_teams_v1/original/Team6/session_20260524_144056_easy/episode_00053.npz: OK
data/incoming/coinrun_teams_v1/original/Team6/session_20260524_144056_easy/episode_00054.npz: OK
data/incoming/coinrun_teams_v1/original/Team6/session_20260524_144056_easy/episode_00055.npz: OK
data/incoming/coinrun_teams_v1/original/Team6/session_20260524_144056_easy/episode_00056.npz: OK
data/incoming/coinrun_teams_v1/original/Team6/session_20260524_144056_easy/episode_00057.npz: OK
data/incoming/coinrun_teams_v1/original/Team6/session_20260524_144056_easy/episode_00058.npz: OK
data/incoming/coinrun_teams_v1/original/Team6/session_20260524_144056_easy/episode_00059.npz: OK
data/incoming/coinrun_teams_v1/original/Team6/session_20260524_144056_easy/episode_00060.npz: OK
data/incoming/coinrun_teams_v1/original/Team6/session_20260524_144056_easy/episode_00061.npz: OK
data/incoming/coinrun_teams_v1/original/Team6/session_20260524_144056_easy/episode_00062.npz: OK
data/incoming/coinrun_teams_v1/original/Team6/session_20260524_144056_easy/episode_00063.npz: OK
data/incoming/coinrun_teams_v1/original/Team6/session_20260524_144056_easy/episode_00064.npz: OK
data/incoming/coinrun_teams_v1/original/Team6/session_20260524_144056_easy/episode_00065.npz: OK
data/incoming/coinrun_teams_v1/original/Team6/session_20260524_144056_easy/episode_00066.npz: OK
data/incoming/coinrun_teams_v1/original/Team6/session_20260524_144056_easy/episode_00067.npz: OK
data/incoming/coinrun_teams_v1/original/Team6/session_20260524_144056_easy/episode_00068.npz: OK
data/incoming/coinrun_teams_v1/original/Team6/session_20260524_144056_easy/episode_00069.npz: OK
data/incoming/coinrun_teams_v1/original/Team6/session_20260524_144056_easy/episode_00070.npz: OK
data/incoming/coinrun_teams_v1/original/Team6/session_20260524_144056_easy/episode_00071.npz: OK
data/incoming/coinrun_teams_v1/original/Team6/session_20260524_144056_easy/episode_00072.npz: OK
data/incoming/coinrun_teams_v1/original/Team6/session_20260524_144056_easy/episode_00073.npz: OK
data/incoming/coinrun_teams_v1/original/Team6/session_20260524_144056_easy/episode_00074.npz: OK
data/incoming/coinrun_teams_v1/original/Team6/session_20260524_144056_easy/episode_00075.npz: OK
data/incoming/coinrun_teams_v1/original/Team6/session_20260524_144056_easy/episode_00076.npz: OK
data/incoming/coinrun_teams_v1/original/Team6/session_20260524_144056_easy/episode_00077.npz: OK
data/incoming/coinrun_teams_v1/original/Team6/session_20260524_144056_easy/episode_00078.npz: OK
data/incoming/coinrun_teams_v1/original/Team6/session_20260524_144056_easy/episode_00079.npz: OK
data/incoming/coinrun_teams_v1/original/Team6/session_20260524_144056_easy/episode_00080.npz: OK
data/incoming/coinrun_teams_v1/original/Team6/session_20260524_144056_easy/episode_00081.npz: OK
data/incoming/coinrun_teams_v1/original/Team6/session_20260524_144056_easy/episode_00082.npz: OK
data/incoming/coinrun_teams_v1/original/Team6/session_20260524_144056_easy/episode_00083.npz: OK
data/incoming/coinrun_teams_v1/original/Team6/session_20260524_144056_easy/episode_00084.npz: OK
data/incoming/coinrun_teams_v1/original/Team6/session_20260524_144056_easy/episode_00085.npz: OK
data/incoming/coinrun_teams_v1/original/Team6/session_20260524_144056_easy/episode_00086.npz: OK
data/incoming/coinrun_teams_v1/original/Team6/session_20260524_144056_easy/episode_00087.npz: OK
data/incoming/coinrun_teams_v1/original/Team6/session_20260524_144056_easy/episode_00088.npz: OK
data/incoming/coinrun_teams_v1/original/Team6/session_20260524_144056_easy/episode_00089.npz: OK
data/incoming/coinrun_teams_v1/original/Team6/session_20260524_144056_easy/session.json: OK
data/incoming/coinrun_teams_v1/original/Team6/session_20260524_153515_hard/episode_00001.npz: OK
data/incoming/coinrun_teams_v1/original/Team6/session_20260524_153515_hard/episode_00002.npz: OK
data/incoming/coinrun_teams_v1/original/Team6/session_20260524_153515_hard/episode_00003.npz: OK
data/incoming/coinrun_teams_v1/original/Team6/session_20260524_153515_hard/episode_00004.npz: OK
data/incoming/coinrun_teams_v1/original/Team6/session_20260524_153515_hard/episode_00005.npz: OK
data/incoming/coinrun_teams_v1/original/Team6/session_20260524_153515_hard/episode_00006.npz: OK
data/incoming/coinrun_teams_v1/original/Team6/session_20260524_153515_hard/episode_00007.npz: OK
data/incoming/coinrun_teams_v1/original/Team6/session_20260524_153515_hard/episode_00008.npz: OK
data/incoming/coinrun_teams_v1/original/Team6/session_20260524_153515_hard/episode_00009.npz: OK
data/incoming/coinrun_teams_v1/original/Team6/session_20260524_153515_hard/episode_00010.npz: OK
data/incoming/coinrun_teams_v1/original/Team6/session_20260524_153515_hard/episode_00011.npz: OK
data/incoming/coinrun_teams_v1/original/Team6/session_20260524_153515_hard/episode_00012.npz: OK
data/incoming/coinrun_teams_v1/original/Team6/session_20260524_153515_hard/episode_00013.npz: OK
data/incoming/coinrun_teams_v1/original/Team6/session_20260524_153515_hard/episode_00014.npz: OK
data/incoming/coinrun_teams_v1/original/Team6/session_20260524_153515_hard/episode_00015.npz: OK
data/incoming/coinrun_teams_v1/original/Team6/session_20260524_153515_hard/episode_00016.npz: OK
data/incoming/coinrun_teams_v1/original/Team6/session_20260524_153515_hard/episode_00017.npz: OK
data/incoming/coinrun_teams_v1/original/Team6/session_20260524_153515_hard/episode_00018.npz: OK
data/incoming/coinrun_teams_v1/original/Team6/session_20260524_153515_hard/episode_00019.npz: OK
data/incoming/coinrun_teams_v1/original/Team6/session_20260524_153515_hard/episode_00020.npz: OK
data/incoming/coinrun_teams_v1/original/Team6/session_20260524_153515_hard/episode_00021.npz: OK
data/incoming/coinrun_teams_v1/original/Team6/session_20260524_153515_hard/episode_00022.npz: OK
data/incoming/coinrun_teams_v1/original/Team6/session_20260524_153515_hard/episode_00023.npz: OK
data/incoming/coinrun_teams_v1/original/Team6/session_20260524_153515_hard/episode_00024.npz: OK
data/incoming/coinrun_teams_v1/original/Team6/session_20260524_153515_hard/episode_00025.npz: OK
data/incoming/coinrun_teams_v1/original/Team6/session_20260524_153515_hard/episode_00026.npz: OK
data/incoming/coinrun_teams_v1/original/Team6/session_20260524_153515_hard/episode_00027.npz: OK
data/incoming/coinrun_teams_v1/original/Team6/session_20260524_153515_hard/episode_00028.npz: OK
data/incoming/coinrun_teams_v1/original/Team6/session_20260524_153515_hard/episode_00029.npz: OK
data/incoming/coinrun_teams_v1/original/Team6/session_20260524_153515_hard/episode_00030.npz: OK
data/incoming/coinrun_teams_v1/original/Team6/session_20260524_153515_hard/episode_00031.npz: OK
data/incoming/coinrun_teams_v1/original/Team6/session_20260524_153515_hard/episode_00032.npz: OK
data/incoming/coinrun_teams_v1/original/Team6/session_20260524_153515_hard/episode_00033.npz: OK
data/incoming/coinrun_teams_v1/original/Team6/session_20260524_153515_hard/episode_00034.npz: OK
data/incoming/coinrun_teams_v1/original/Team6/session_20260524_153515_hard/episode_00035.npz: OK
data/incoming/coinrun_teams_v1/original/Team6/session_20260524_153515_hard/episode_00036.npz: OK
data/incoming/coinrun_teams_v1/original/Team6/session_20260524_153515_hard/episode_00037.npz: OK
data/incoming/coinrun_teams_v1/original/Team6/session_20260524_153515_hard/episode_00038.npz: OK
data/incoming/coinrun_teams_v1/original/Team6/session_20260524_153515_hard/episode_00039.npz: OK
data/incoming/coinrun_teams_v1/original/Team6/session_20260524_153515_hard/episode_00040.npz: OK
data/incoming/coinrun_teams_v1/original/Team6/session_20260524_153515_hard/episode_00041.npz: OK
data/incoming/coinrun_teams_v1/original/Team6/session_20260524_153515_hard/episode_00042.npz: OK
data/incoming/coinrun_teams_v1/original/Team6/session_20260524_153515_hard/episode_00043.npz: OK
data/incoming/coinrun_teams_v1/original/Team6/session_20260524_153515_hard/episode_00044.npz: OK
data/incoming/coinrun_teams_v1/original/Team6/session_20260524_153515_hard/episode_00045.npz: OK
data/incoming/coinrun_teams_v1/original/Team6/session_20260524_153515_hard/episode_00046.npz: OK
data/incoming/coinrun_teams_v1/original/Team6/session_20260524_153515_hard/episode_00047.npz: OK
data/incoming/coinrun_teams_v1/original/Team6/session_20260524_153515_hard/episode_00048.npz: OK
data/incoming/coinrun_teams_v1/original/Team6/session_20260524_153515_hard/episode_00049.npz: OK
data/incoming/coinrun_teams_v1/original/Team6/session_20260524_153515_hard/episode_00050.npz: OK
data/incoming/coinrun_teams_v1/original/Team6/session_20260524_153515_hard/episode_00051.npz: OK
data/incoming/coinrun_teams_v1/original/Team6/session_20260524_153515_hard/episode_00052.npz: OK
data/incoming/coinrun_teams_v1/original/Team6/session_20260524_153515_hard/episode_00053.npz: OK
data/incoming/coinrun_teams_v1/original/Team6/session_20260524_153515_hard/episode_00054.npz: OK
data/incoming/coinrun_teams_v1/original/Team6/session_20260524_153515_hard/episode_00055.npz: OK
data/incoming/coinrun_teams_v1/original/Team6/session_20260524_153515_hard/episode_00056.npz: OK
data/incoming/coinrun_teams_v1/original/Team6/session_20260524_153515_hard/episode_00057.npz: OK
data/incoming/coinrun_teams_v1/original/Team6/session_20260524_153515_hard/episode_00058.npz: OK
data/incoming/coinrun_teams_v1/original/Team6/session_20260524_153515_hard/episode_00059.npz: OK
data/incoming/coinrun_teams_v1/original/Team6/session_20260524_153515_hard/episode_00060.npz: OK
data/incoming/coinrun_teams_v1/original/Team6/session_20260524_153515_hard/episode_00061.npz: OK
data/incoming/coinrun_teams_v1/original/Team6/session_20260524_153515_hard/episode_00062.npz: OK
data/incoming/coinrun_teams_v1/original/Team6/session_20260524_153515_hard/episode_00063.npz: OK
data/incoming/coinrun_teams_v1/original/Team6/session_20260524_153515_hard/episode_00064.npz: OK
data/incoming/coinrun_teams_v1/original/Team6/session_20260524_153515_hard/episode_00065.npz: OK
data/incoming/coinrun_teams_v1/original/Team6/session_20260524_153515_hard/episode_00066.npz: OK
data/incoming/coinrun_teams_v1/original/Team6/session_20260524_153515_hard/episode_00067.npz: OK
data/incoming/coinrun_teams_v1/original/Team6/session_20260524_153515_hard/episode_00068.npz: OK
data/incoming/coinrun_teams_v1/original/Team6/session_20260524_153515_hard/episode_00069.npz: OK
data/incoming/coinrun_teams_v1/original/Team6/session_20260524_153515_hard/episode_00070.npz: OK
data/incoming/coinrun_teams_v1/original/Team6/session_20260524_153515_hard/episode_00071.npz: OK
data/incoming/coinrun_teams_v1/original/Team6/session_20260524_153515_hard/episode_00072.npz: OK
data/incoming/coinrun_teams_v1/original/Team6/session_20260524_153515_hard/episode_00073.npz: OK
data/incoming/coinrun_teams_v1/original/Team6/session_20260524_153515_hard/episode_00074.npz: OK
data/incoming/coinrun_teams_v1/original/Team6/session_20260524_153515_hard/episode_00075.npz: OK
data/incoming/coinrun_teams_v1/original/Team6/session_20260524_153515_hard/episode_00076.npz: OK
data/incoming/coinrun_teams_v1/original/Team6/session_20260524_153515_hard/episode_00077.npz: OK
data/incoming/coinrun_teams_v1/original/Team6/session_20260524_153515_hard/episode_00078.npz: OK
data/incoming/coinrun_teams_v1/original/Team6/session_20260524_153515_hard/episode_00079.npz: OK
data/incoming/coinrun_teams_v1/original/Team6/session_20260524_153515_hard/episode_00080.npz: OK
data/incoming/coinrun_teams_v1/original/Team6/session_20260524_153515_hard/episode_00081.npz: OK
data/incoming/coinrun_teams_v1/original/Team6/session_20260524_153515_hard/episode_00082.npz: OK
data/incoming/coinrun_teams_v1/original/Team6/session_20260524_153515_hard/episode_00083.npz: OK
data/incoming/coinrun_teams_v1/original/Team6/session_20260524_153515_hard/episode_00084.npz: OK
data/incoming/coinrun_teams_v1/original/Team6/session_20260524_153515_hard/episode_00085.npz: OK
data/incoming/coinrun_teams_v1/original/Team6/session_20260524_153515_hard/episode_00086.npz: OK
data/incoming/coinrun_teams_v1/original/Team6/session_20260524_153515_hard/episode_00087.npz: OK
data/incoming/coinrun_teams_v1/original/Team6/session_20260524_153515_hard/episode_00088.npz: OK
data/incoming/coinrun_teams_v1/original/Team6/session_20260524_153515_hard/episode_00089.npz: OK
data/incoming/coinrun_teams_v1/original/Team6/session_20260524_153515_hard/episode_00090.npz: OK
data/incoming/coinrun_teams_v1/original/Team6/session_20260524_153515_hard/episode_00091.npz: OK
data/incoming/coinrun_teams_v1/original/Team6/session_20260524_153515_hard/episode_00092.npz: OK
data/incoming/coinrun_teams_v1/original/Team6/session_20260524_153515_hard/episode_00093.npz: OK
data/incoming/coinrun_teams_v1/original/Team6/session_20260524_153515_hard/episode_00094.npz: OK
data/incoming/coinrun_teams_v1/original/Team6/session_20260524_153515_hard/episode_00095.npz: OK
data/incoming/coinrun_teams_v1/original/Team6/session_20260524_153515_hard/episode_00096.npz: OK
data/incoming/coinrun_teams_v1/original/Team6/session_20260524_153515_hard/episode_00097.npz: OK
data/incoming/coinrun_teams_v1/original/Team6/session_20260524_153515_hard/episode_00098.npz: OK
data/incoming/coinrun_teams_v1/original/Team6/session_20260524_153515_hard/episode_00099.npz: OK
data/incoming/coinrun_teams_v1/original/Team6/session_20260524_153515_hard/episode_00100.npz: OK
data/incoming/coinrun_teams_v1/original/Team6/session_20260524_153515_hard/episode_00101.npz: OK
data/incoming/coinrun_teams_v1/original/Team6/session_20260524_153515_hard/episode_00102.npz: OK
data/incoming/coinrun_teams_v1/original/Team6/session_20260524_153515_hard/episode_00103.npz: OK
data/incoming/coinrun_teams_v1/original/Team6/session_20260524_153515_hard/episode_00104.npz: OK
data/incoming/coinrun_teams_v1/original/Team6/session_20260524_153515_hard/episode_00105.npz: OK
data/incoming/coinrun_teams_v1/original/Team6/session_20260524_153515_hard/episode_00106.npz: OK
data/incoming/coinrun_teams_v1/original/Team6/session_20260524_153515_hard/episode_00107.npz: OK
data/incoming/coinrun_teams_v1/original/Team6/session_20260524_153515_hard/episode_00108.npz: OK
data/incoming/coinrun_teams_v1/original/Team6/session_20260524_153515_hard/episode_00109.npz: OK
data/incoming/coinrun_teams_v1/original/Team6/session_20260524_153515_hard/episode_00110.npz: OK
data/incoming/coinrun_teams_v1/original/Team6/session_20260524_153515_hard/episode_00111.npz: OK
data/incoming/coinrun_teams_v1/original/Team6/session_20260524_153515_hard/session.json: OK
